player_id,match_id,minutes_played,rpe,session_load,acute_load,chronic_load,acwr,sleep_deviation,reaction_time_deviation,recovery_drop,warning_points,baseline_training_load,baseline_reaction_time,baseline_sleep,baseline_recovery,reaction_time_ms,sleep_duration,recovery_score
P001,M001,68,6.35,431.8,431.8,431.8,1.0,0.0,0.0,0.0,0,431.8,258.52,7.88,76.14,258.52,7.88,76.14
P001,M002,56,6.37,356.72,431.8,431.8,1.0,0.040000000000000036,-7.179999999999978,-0.010000000000005116,0,431.8,258.52,7.88,76.14,251.34,7.92,76.15
P001,M003,75,7.13,534.75,394.26,394.26,1.0,0.040000000000000036,1.1299999999999955,0.7950000000000159,0,394.26,254.93,7.9,76.14500000000001,256.06,7.94,75.35
P001,M004,67,4.97,332.99,441.09,441.09,1.0,-0.3033333333333337,-1.7066666666666492,1.789999999999992,0,441.09,255.30666666666664,7.913333333333334,75.88,253.6,7.61,74.09
P001,M005,58,6.02,349.16,408.15333333333336,414.065,0.9857228534972369,0.24249999999999972,-1.6500000000000057,0.26250000000000284,0,414.065,254.88,7.8375,75.4325,253.23,8.08,75.17
P001,M006,58,6.21,360.18,405.6333333333334,401.084,1.0113425949011514,-0.07600000000000051,3.6100000000000136,-2.8700000000000045,0,401.084,254.55,7.886,75.38,258.16,7.81,78.25
P001,M007,62,6.55,406.1,347.4433333333333,394.26666666666665,0.8812394318566115,-0.05333333333333368,1.3083333333333371,-0.061666666666667425,0,394.26666666666665,255.15166666666664,7.873333333333334,75.85833333333333,256.46,7.82,75.92
P001,M008,79,6.91,545.89,371.81333333333333,395.95714285714286,0.9390241849165976,0.2942857142857145,6.151428571428596,-1.0828571428571365,0,395.95714285714286,255.3385714285714,7.865714285714286,75.86714285714287,261.49,8.16,76.95
P001,M009,62,6.62,410.44,437.39000000000004,414.69875,1.0547174304238922,-0.04249999999999954,1.7624999999999886,1.4424999999999955,0,414.69875,256.1075,7.9025,76.0025,257.87,7.86,74.56
P001,M010,72,4.69,337.68,454.1433333333334,414.22555555555556,1.0963672502635442,0.2922222222222217,-10.073333333333352,0.5722222222222371,0,414.22555555555556,256.30333333333334,7.897777777777778,75.84222222222223,246.23,8.19,75.27
P001,M011,76,7.04,535.04,431.33666666666664,406.571,1.0609135099814464,0.35299999999999976,3.584000000000003,-0.8449999999999989,0,406.571,255.296,7.927,75.785,258.88,8.28,76.63
P001,M012,62,5.9,365.8,427.71999999999997,416.895,1.0259657707576249,-0.039090909090909065,-7.091818181818184,-0.43818181818181756,0,418.25,255.62181818181818,7.959090909090909,75.86181818181818,248.53,7.92,76.3
P001,M013,65,5.52,358.8,412.84,417.803,0.9881211958746107,0.03416666666666668,-6.150833333333338,1.85833333333332,0,413.87916666666666,255.03083333333333,7.9558333333333335,75.89833333333333,248.88,7.99,74.04
P001,M014,77,5.19,399.63,419.87999999999994,400.20799999999997,1.0491544396913604,0.041538461538461746,-8.957692307692326,-0.34461538461538055,0,409.6423076923077,254.55769230769232,7.958461538461538,75.75538461538461,245.6,8.0,76.1
P001,M015,83,6.4,531.2,374.74333333333334,406.872,0.9210349528434822,0.09857142857142964,-3.087857142857132,-0.6700000000000017,0,408.9271428571428,253.91785714285714,7.961428571428571,75.78,250.83,8.06,76.45
P001,M016,71,5.9,418.9,429.8766666666667,425.076,1.0112936667011703,-0.02799999999999958,8.437999999999988,1.714666666666659,0,417.07866666666666,253.712,7.968,75.82466666666666,262.15,7.94,74.11
P001,M017,52,6.67,346.84,449.91,430.94800000000004,1.0440006682940866,-0.05624999999999947,-0.659374999999983,2.5775000000000006,0,417.1925,254.239375,7.96625,75.7175,253.58,7.91,73.14
P001,M018,61,5.8,353.8,432.31333333333333,425.02199999999993,1.0171551903979874,0.07705882352941096,-0.8905882352941035,-1.284117647058821,0,413.05411764705883,254.2005882352941,7.962941176470588,75.56588235294117,253.31,8.04,76.85
P001,M019,69,5.48,378.12,373.18,405.813,0.91958611478686,-0.01722222222222225,0.5488888888888539,0.037222222222226264,0,409.76222222222225,254.15111111111113,7.967222222222222,75.63722222222222,254.7,7.95,75.6
P001,M020,75,5.91,443.25,359.58666666666664,402.581,0.8932032725505342,0.11368421052631472,0.4199999999999875,0.6652631578947279,0,408.0968421052632,254.18,7.966315789473685,75.63526315789473,254.6,8.08,74.97
P001,M021,61,5.88,358.68,391.72333333333336,413.13800000000003,0.9481658267536109,-0.23199999999999932,5.229000000000042,1.3119999999999976,0,409.85450000000003,254.20099999999996,7.9719999999999995,75.602,259.43,7.74,74.29
P001,M022,81,7.42,601.02,393.34999999999997,395.502,0.9945588138618767,0.2590476190476192,6.240000000000009,3.2095238095238017,0,407.41761904761904,254.45,7.9609523809523814,75.5395238095238,260.69,8.22,72.33
P001,M023,82,5.12,419.84,467.6499999999999,419.024,1.1160458589484132,0.01727272727272755,-0.8736363636363649,0.7936363636363666,0,416.2177272727273,254.73363636363638,7.972727272727273,75.39363636363636,253.86,7.99,74.6
P001,M024,69,6.41,442.29,459.84666666666664,425.128,1.081666384398738,-0.033478260869565624,-0.6556521739130403,-2.090869565217389,0,416.3752173913043,254.69565217391303,7.973478260869566,75.35913043478261,254.04,7.94,77.45
P001,M025,64,5.44,348.16,487.71666666666664,429.39399999999995,1.1358255277592764,0.4179166666666667,-3.638333333333321,-1.3137499999999989,0,417.455,254.66833333333332,7.972083333333334,75.44625,251.03,8.39,76.76
P001,M026,77,6.19,476.63,403.43,411.09000000000003,0.9813666107178476,0.20119999999999916,-0.602800000000002,0.35880000000000223,0,414.6832,254.5228,7.9888,75.4988,253.92,8.19,75.14
P001,M027,66,7.05,465.3,422.35999999999996,416.863,1.0131865864804503,-0.23653846153846203,-0.15961538461536406,3.9749999999999943,0,417.0657692307692,254.49961538461537,7.996538461538462,75.485,254.34,7.76,71.51
P001,M028,79,5.68,448.72,430.03,428.709,1.003081344221838,-0.22777777777777874,-5.473703703703677,-1.9622222222222234,0,418.8522222222222,254.4937037037037,7.9877777777777785,75.33777777777777,249.02,7.76,77.3
P001,M029,63,6.15,387.45,463.54999999999995,438.201,1.0578478825926914,0.20035714285714246,-3.888214285714298,1.6478571428571342,0,419.9189285714286,254.2982142857143,7.979642857142857,75.40785714285714,250.41,8.18,73.76
P001,M030,63,6.19,389.97,433.8233333333333,439.134,0.9879065008251088,-0.04655172413793096,0.8558620689655072,0.38103448275862206,0,418.7993103448276,254.1641379310345,7.986551724137931,75.35103448275862,255.02,7.94,74.97
P002,M001,63,6.66,419.58,419.58,419.58,1.0,0.0,0.0,0.0,0,419.58,207.5,7.48,76.9,207.5,7.48,76.9
P002,M002,69,5.49,378.81,419.58,419.58,1.0,0.14999999999999947,-0.21000000000000796,0.9900000000000091,0,419.58,207.5,7.48,76.9,207.29,7.63,75.91
P002,M003,61,5.9,359.9,399.195,399.195,1.0,-0.04499999999999993,-6.764999999999986,1.3050000000000068,0,399.195,207.39499999999998,7.555,76.405,200.63,7.51,75.1
P002,M004,86,5.96,512.56,386.09666666666664,386.09666666666664,1.0,-0.17999999999999972,1.7200000000000273,3.3599999999999994,0,386.09666666666664,205.14,7.54,75.97,206.86,7.36,72.61
P002,M005,89,6.27,558.03,417.09,417.7125,0.9985097405512164,0.19500000000000028,0.46000000000000796,-0.030000000000001137,0,417.7125,205.57,7.495,75.13,206.03,7.69,75.16
P002,M006,81,5.65,457.65,476.8299999999999,445.776,1.06966279028032,0.015999999999999126,-1.1019999999999754,-0.9639999999999986,0,445.776,205.66199999999998,7.534000000000001,75.136,204.56,7.55,76.1
P002,M007,81,6.39,517.59,509.41333333333324,447.75499999999994,1.1377055160374163,-0.2066666666666661,8.701666666666682,-0.5133333333333354,0,447.75499999999994,205.47833333333332,7.536666666666666,75.29666666666667,214.18,7.33,75.81
P002,M008,72,6.37,458.64,511.09,457.7314285714286,1.1165717888218918,-0.17714285714285705,-2.181428571428569,-3.1999999999999886,0,457.7314285714286,206.72142857142856,7.507142857142857,75.37,204.54,7.33,78.57
P002,M009,58,6.33,367.14,477.96000000000004,457.84499999999997,1.0439340824951677,0.01499999999999968,2.161250000000024,0.030000000000001137,0,457.84499999999997,206.44875,7.485,75.77,208.61,7.5,75.74
P002,M010,62,5.23,324.26,447.78999999999996,447.76666666666665,1.0000521104742053,0.06333333333333346,-7.51888888888891,4.036666666666662,0,447.76666666666665,206.6888888888889,7.486666666666666,75.76666666666667,199.17,7.55,71.73
P002,M011,68,5.27,358.36,383.34666666666664,435.416,0.8804147451326241,0.026999999999999247,-0.11699999999999022,-0.257000000000005,0,435.416,205.93699999999998,7.493,75.363,205.82,7.52,75.62
P002,M012,82,6.76,554.32,349.92,429.294,0.8151057317362926,0.18454545454545368,-1.26636363636365,-0.18363636363635294,0,428.41090909090906,205.92636363636365,7.495454545454546,75.38636363636364,204.66,7.68,75.57
P002,M013,77,5.67,436.59,412.31333333333333,446.84499999999997,0.9227211523757306,0.15916666666666668,2.149166666666673,-1.6883333333333468,0,438.90333333333336,205.82083333333333,7.510833333333333,75.40166666666666,207.97,7.67,77.09
P002,M014,63,6.82,429.66,449.75666666666666,454.51399999999995,0.989533142360118,-0.30307692307692324,0.13384615384615017,-0.14846153846154664,0,438.72538461538466,205.98615384615385,7.523076923076923,75.53153846153846,206.12,7.22,75.68
P002,M015,84,6.02,505.68,473.52333333333337,446.224,1.0611785411213501,-0.19142857142857128,-1.4357142857142833,-1.017857142857153,0,438.07785714285717,205.99571428571429,7.501428571428571,75.54214285714285,204.56,7.31,76.56
P002,M016,77,5.83,448.91,457.31,440.98900000000003,1.0370099934465484,-0.018666666666666387,2.219999999999999,0.9500000000000028,0,442.58466666666664,205.9,7.488666666666666,75.61,208.12,7.47,74.66
P002,M017,66,6.65,438.9,461.4166666666667,440.11500000000007,1.0484002287280976,-0.037499999999999645,1.5412500000000193,2.690624999999997,0,442.98,206.03875,7.4875,75.550625,207.58,7.45,72.86
P002,M018,58,5.17,299.86,464.49666666666667,432.246,1.0746118336934678,-0.23529411764705888,-3.539411764705875,-1.857647058823531,0,442.74,206.12941176470588,7.485294117647059,75.39235294117647,202.59,7.25,77.25
P002,M019,63,6.22,391.86,395.89000000000004,416.36800000000005,0.950817546016985,-0.6022222222222222,17.39722222222224,6.245555555555555,0,434.8022222222222,205.93277777777777,7.472222222222222,75.49555555555555,223.33,6.87,69.25
P002,M020,66,6.26,413.16,376.8733333333333,418.84,0.8998026294846082,-0.9005263157894738,25.61157894736843,10.126842105263151,2,432.54210526315785,206.84842105263158,7.440526315789474,75.16684210526316,232.46,6.54,65.04
P002,M021,59,6.8,401.2,368.29333333333335,427.73,0.8610416228306018,-1.2255000000000003,27.591000000000008,19.8305,3,431.573,208.129,7.3955,74.6605,235.72,6.17,54.83
P002,M022,84,7.96,668.64,402.0733333333333,432.014,0.930695147225167,-1.637142857142858,34.48714285714286,24.16619047619048,3,430.12666666666667,209.44285714285715,7.337142857142858,73.71619047619048,243.93,5.7,49.55
P002,M023,78,6.72,524.16,494.3333333333333,443.446,1.1147542955248966,0.32727272727272716,-1.9404545454545712,-4.442272727272737,0,440.9681818181818,211.01045454545456,7.262727272727273,72.61772727272727,209.07,7.59,77.06
P002,M024,63,5.62,354.06,531.3333333333334,452.203,1.1749885191680138,0.2630434782608697,-4.256086956521756,-0.20913043478259397,0,444.5852173913043,210.92608695652174,7.27695652173913,72.8108695652174,206.67,7.54,73.02
P002,M025,49,6.73,329.77,515.62,444.64300000000003,1.1596269366660443,0.032083333333333464,-0.48875000000001023,-1.4004166666666578,0,440.81333333333333,210.74875,7.287916666666667,72.81958333333334,210.26,7.32,74.22
P002,M026,59,7.03,414.77,402.66333333333336,427.05199999999996,0.9428906393912999,0.1208000000000009,-4.109199999999987,-3.6144000000000034,0,436.37159999999994,210.7292,7.289199999999999,72.87559999999999,206.62,7.41,76.49
P002,M027,58,5.87,340.46,366.2,423.63800000000003,0.864417261907572,0.3561538461538474,-5.271153846153851,-2.995384615384623,0,435.54076923076923,210.57115384615386,7.293846153846153,73.01461538461538,205.3,7.65,76.01
P002,M028,75,5.06,379.5,361.6666666666667,413.794,0.8740258840550291,0.17296296296296365,-5.08592592592592,-0.07444444444445253,0,432.0192592592593,210.3759259259259,7.307037037037037,73.12555555555555,205.29,7.48,73.2
P002,M029,70,6.73,471.1,378.24333333333334,421.758,0.896825509731489,0.05678571428571377,2.825714285714298,-3.5017857142857167,0,430.1435714285714,210.1942857142857,7.313214285714286,73.12821428571428,213.02,7.37,76.63
P002,M030,75,6.23,467.25,397.02,429.68199999999996,0.9239856451980768,0.0348275862068963,-7.121724137931039,-4.631034482758622,0,431.5558620689655,210.29172413793103,7.315172413793103,73.24896551724137,203.17,7.35,77.88
P003,M001,58,6.79,393.82,393.82,393.82,1.0,0.0,0.0,0.0,0,393.82,200.86,8.61,69.1,200.86,8.61,69.1
P003,M002,82,6.03,494.46,393.82,393.82,1.0,0.40000000000000036,6.1699999999999875,-2.5900000000000034,0,393.82,200.86,8.61,69.1,207.03,9.01,71.69
P003,M003,61,6.04,368.44,444.14,444.14,1.0,0.040000000000000924,0.25499999999999545,4.174999999999997,0,444.14,203.945,8.809999999999999,70.395,204.2,8.85,66.22
P003,M004,70,5.43,380.1,418.9066666666667,418.9066666666667,1.0,-0.033333333333333215,-1.6899999999999977,3.893333333333331,0,418.9066666666667,204.03,8.823333333333332,69.00333333333333,202.34,8.79,65.11
P003,M005,60,5.68,340.8,414.3333333333333,409.205,1.0125324307702332,-0.08499999999999908,-6.987500000000011,-2.989999999999995,0,409.205,203.60750000000002,8.815,68.03,196.62,8.73,71.02
P003,M006,66,5.8,382.8,363.1133333333334,395.524,0.9180563842733523,0.012000000000002231,-7.309999999999974,0.1880000000000024,0,395.524,202.20999999999998,8.797999999999998,68.628,194.9,8.81,68.44
P003,M007,81,5.85,473.85,367.90000000000003,393.40333333333336,0.9351725540369934,-0.14999999999999858,5.178333333333313,-3.6133333333333297,0,393.40333333333336,200.99166666666667,8.799999999999999,68.59666666666666,206.17,8.65,72.21
P003,M008,78,6.85,534.3,399.15000000000003,404.8957142857143,0.985809397128714,0.20142857142857196,6.218571428571437,-1.32714285714286,0,404.8957142857143,201.73142857142855,8.778571428571428,69.11285714285714,207.95,8.98,70.44
P003,M009,78,5.4,421.2,463.6499999999999,421.07124999999996,1.1011200598473536,-0.31375000000000064,-9.108749999999986,-0.0012499999999988631,0,421.07124999999996,202.50875,8.80375,69.27875,193.4,8.49,69.28
P003,M010,80,6.8,544.0,476.45,421.0855555555556,1.1314802745285333,0.301111111111112,-2.166666666666657,0.6388888888888857,0,421.0855555555556,201.49666666666667,8.768888888888888,69.27888888888889,199.33,9.07,68.64
P003,M011,67,6.74,451.58,499.83333333333326,433.37700000000007,1.1533453167411587,-0.24899999999999878,-0.11000000000001364,1.1550000000000011,0,433.37700000000007,201.28,8.799,69.215,201.17,8.55,68.06
P003,M012,68,6.09,414.12,472.25999999999993,439.15299999999996,1.075388304303967,-0.14636363636363647,-4.349999999999994,-1.7399999999999949,0,435.0318181818182,201.26999999999998,8.776363636363637,69.11,196.92,8.63,70.85
P003,M013,68,6.27,426.36,469.8999999999999,431.11899999999997,1.0899542817644314,-0.12416666666666565,1.8725000000000023,-0.4549999999999983,0,433.2891666666667,200.9075,8.764166666666666,69.255,202.78,8.64,69.71
P003,M014,54,5.4,291.6,430.68666666666655,436.91100000000006,0.9857537728889099,0.17538461538461547,-1.5515384615384562,-0.29000000000000625,0,432.75615384615384,201.05153846153846,8.754615384615384,69.28999999999999,199.5,8.93,69.58
P003,M015,62,5.78,358.36,377.35999999999996,428.061,0.8815566005779549,-0.257142857142858,-3.580714285714265,1.0607142857142833,0,422.67357142857145,200.94071428571428,8.767142857142858,69.31071428571428,197.36,8.51,68.25
P003,M016,64,6.54,418.56,358.77333333333326,429.817,0.8347118269713233,0.02999999999999936,5.97799999999998,-0.960000000000008,0,418.386,200.70200000000003,8.75,69.24,206.68,8.78,70.2
P003,M017,65,4.58,297.7,356.17333333333335,433.39300000000003,0.8218253025160381,0.078125,-5.155625000000015,-0.9099999999999966,0,418.396875,201.075625,8.751875,69.3,195.92,8.83,70.21
P003,M018,67,5.86,392.62,358.20666666666654,415.77799999999996,0.8615334786031645,-0.1464705882352959,-2.652352941176474,2.313529411764705,0,411.2970588235294,200.77235294117648,8.756470588235295,69.35352941176471,198.12,8.61,67.04
P003,M019,72,5.93,426.96,369.6266666666666,401.61,0.9203622087763417,0.081666666666667,4.784999999999997,-0.2950000000000017,0,410.25944444444445,200.625,8.748333333333333,69.225,205.41,8.83,69.52
P003,M020,67,5.42,363.14,372.42666666666656,402.18600000000004,0.9260060436381836,0.09736842105263044,-6.19684210526313,0.5605263157894598,0,411.1384210526316,200.87684210526314,8.75263157894737,69.24052631578947,194.68,8.85,68.68
P003,M021,48,6.18,296.64,394.23999999999995,384.1,1.0263993751627178,0.13250000000000028,3.062999999999988,-0.38749999999998863,0,408.73850000000004,200.567,8.7575,69.2125,203.63,8.89,69.6
P003,M022,72,6.45,464.4,362.2466666666666,368.606,0.9827476130791865,0.11619047619047684,-4.002857142857152,1.030952380952371,0,403.4004761904762,200.71285714285716,8.763809523809524,69.23095238095237,196.71,8.88,68.2
P003,M023,57,7.4,421.8,374.72666666666663,373.634,1.002924430503291,0.13090909090909086,5.99909090909091,0.8340909090909179,0,406.1731818181818,200.5309090909091,8.76909090909091,69.18409090909091,206.53,8.9,68.35
P003,M024,71,6.73,477.83,394.2799999999999,373.178,1.056546741769343,0.08521739130434725,2.3482608695651948,0.7678260869565179,0,406.8526086956522,200.7917391304348,8.774782608695652,69.14782608695651,203.14,8.86,68.38
P003,M025,54,6.62,357.48,454.67666666666656,391.80100000000004,1.1604785762840486,-0.06833333333333336,-0.43958333333335986,1.255833333333328,0,409.81,200.88958333333335,8.778333333333334,69.11583333333333,200.45,8.71,67.86
P003,M026,66,5.82,384.12,419.0366666666666,391.713,1.0697543014060462,0.07439999999999891,2.7879999999999825,-0.7844000000000051,0,407.7168,200.872,8.7756,69.06559999999999,203.66,8.85,69.85
P003,M027,73,6.3,459.9,406.47666666666663,388.269,1.0468944640614282,-0.26846153846153875,0.7007692307692253,1.5157692307692372,0,406.8092307692308,200.97923076923078,8.778461538461539,69.09576923076924,201.68,8.51,67.58
P003,M028,74,4.82,356.68,400.49999999999994,404.489,0.9901381743384863,0.2014814814814816,-2.805185185185195,-0.8103703703703644,0,408.77555555555557,201.00518518518518,8.768518518518519,69.03962962962963,198.2,8.97,69.85
P003,M029,57,5.37,306.09,400.2333333333333,400.895,0.998349526268308,0.32428571428571473,0.585000000000008,-0.2314285714285802,0,406.915,200.905,8.775714285714285,69.06857142857142,201.49,9.1,69.3
P003,M030,84,5.48,460.32,374.2233333333332,388.808,0.9624887690925423,-0.13689655172413673,3.334827586206899,-1.7034482758620726,0,403.43827586206896,200.9251724137931,8.786896551724137,69.07655172413793,204.26,8.65,70.78
P004,M001,53,5.06,268.18,268.18,268.18,1.0,0.0,0.0,0.0,0,268.18,199.73,8.59,85.65,199.73,8.59,85.65
P004,M002,67,7.04,471.68,268.18,268.18,1.0,0.1999999999999993,-1.6599999999999966,-4.439999999999998,0,268.18,199.73,8.59,85.65,198.07,8.79,90.09
P004,M003,66,6.44,425.04,369.93,369.93,1.0,-0.049999999999998934,0.27000000000001023,-0.22999999999998977,0,369.93,198.89999999999998,8.69,87.87,199.17,8.64,88.1
P004,M004,66,5.33,351.78,388.3,388.3,1.0,-0.033333333333333215,-3.6899999999999977,-3.943333333333328,0,388.3,198.99,8.673333333333334,87.94666666666667,195.3,8.64,91.89
P004,M005,53,5.28,279.84,416.1666666666667,379.17,1.0975727685910455,0.07500000000000107,2.3125,-1.7374999999999972,0,379.17,198.0675,8.665,88.9325,200.38,8.74,90.67
P004,M006,51,6.0,306.0,352.21999999999997,359.304,0.9802841048248837,-0.3699999999999992,2.930000000000007,-1.7600000000000051,0,359.304,198.53,8.68,89.28,201.46,8.31,91.04
P004,M007,78,5.36,418.08,312.54,350.42,0.8919011471947949,0.07166666666666544,-4.87833333333333,-2.2866666666666617,0,350.42,199.01833333333332,8.618333333333334,89.57333333333334,194.14,8.69,91.86
P004,M008,73,5.76,420.48,334.63999999999993,360.0857142857143,0.9293342854875821,-0.12857142857142811,-4.131428571428586,-2.5300000000000153,0,360.0857142857143,198.32142857142858,8.628571428571428,89.89999999999999,194.19,8.5,92.43
P004,M009,64,6.16,394.24,381.52,367.635,1.0377684388047927,-0.10250000000000092,5.655000000000001,-2.0337499999999977,0,367.635,197.805,8.6125,90.21625,203.46,8.51,92.25
P004,M010,72,6.7,482.4,410.93333333333334,370.5911111111111,1.1088591199645013,0.09888888888888836,-2.0533333333333417,0.3822222222222251,0,370.5911111111111,198.43333333333334,8.601111111111111,90.44222222222223,196.38,8.7,90.06
P004,M011,54,6.58,355.32,432.3733333333334,381.772,1.1325433330190098,-0.13100000000000023,3.651999999999987,-0.28600000000000136,0,381.772,198.228,8.611,90.404,201.88,8.48,90.69
P004,M012,80,6.56,524.8,410.65333333333336,390.486,1.0516467513133207,0.06090909090909058,-1.4999999999999716,4.150000000000006,0,379.36727272727273,198.55999999999997,8.59909090909091,90.43,197.06,8.66,86.28
P004,M013,40,6.58,263.2,454.17333333333335,395.79799999999994,1.1474876915328864,-0.04416666666666558,1.3150000000000261,0.13416666666665833,0,391.4866666666667,198.43499999999997,8.604166666666666,90.08416666666666,199.75,8.56,89.95
P004,M014,80,6.54,523.2,381.1066666666666,379.614,1.0039320643249898,-0.15076923076923165,2.9538461538461718,-2.186153846153843,0,381.61846153846153,198.53615384615384,8.600769230769231,90.07384615384616,201.49,8.45,92.26
P004,M015,71,7.01,497.71,437.06666666666666,396.75600000000003,1.1016006479213083,-0.7199999999999998,17.39285714285714,8.600000000000009,0,391.7314285714286,198.74714285714285,8.59,90.23,216.14,7.87,81.63
P004,M016,74,6.14,454.36,428.0366666666667,418.543,1.0226826554659059,-1.0519999999999996,13.783333333333331,15.306666666666672,2,398.7966666666667,199.90666666666667,8.542,89.65666666666667,213.69,7.49,74.35
P004,M017,61,7.3,445.3,491.75666666666666,433.379,1.1347034966315088,-1.7662500000000003,24.47187500000001,17.549999999999997,3,402.269375,200.768125,8.47625,88.7,225.24,6.71,71.15
P004,M018,84,7.4,621.6,465.78999999999996,436.101,1.0680782662731798,-1.7823529411764714,33.41235294117649,26.27764705882352,3,404.8005882352941,202.2076470588235,8.372352941176471,87.66764705882352,235.62,6.59,61.39
P004,M019,75,5.72,429.0,507.08666666666664,456.213,1.1115129701842485,0.30666666666666664,-7.773888888888905,-6.412222222222226,0,416.845,204.0638888888889,8.273333333333333,86.20777777777778,196.29,8.58,92.62
P004,M020,67,6.44,431.48,498.6333333333334,459.689,1.0847188715269092,0.33052631578947356,-6.594736842105277,-4.934736842105266,0,417.4847368421053,203.65473684210528,8.289473684210526,86.54526315789474,197.06,8.62,91.48
P004,M021,69,7.19,496.11,494.02666666666664,454.5969999999999,1.0867354308688062,0.22399999999999842,-3.694999999999993,-2.7879999999999967,0,418.1845,203.325,8.306000000000001,86.792,199.63,8.53,89.58
P004,M022,81,6.77,548.37,452.1966666666667,468.67600000000004,0.9648385380660983,0.3733333333333331,-5.479047619047634,-5.025238095238095,0,421.8952380952381,203.14904761904762,8.316666666666666,86.92476190476191,197.67,8.69,91.95
P004,M023,87,5.79,503.73,491.9866666666667,471.033,1.0444844982552532,0.2063636363636352,-2.6599999999999966,-2.366818181818175,0,427.6440909090909,202.9,8.333636363636364,87.15318181818182,200.24,8.54,89.52
P004,M024,58,5.71,331.18,516.07,495.08600000000007,1.042384555410575,0.11739130434782652,-10.934347826086963,-2.8239130434782567,0,430.95217391304345,202.78434782608696,8.342608695652174,87.25608695652174,191.85,8.46,90.08
P004,M025,50,6.12,306.0,461.0933333333333,475.884,0.9689195966524053,0.22250000000000014,-6.398750000000007,-2.7862499999999812,0,426.795,202.32875,8.3475,87.37375000000002,195.93,8.57,90.16
P004,M026,87,7.02,610.74,380.30333333333334,456.713,0.8326965366287654,0.06359999999999921,-1.7727999999999895,-0.37479999999999336,0,421.9632,202.0728,8.3564,87.4852,200.3,8.42,87.86
P004,M027,63,5.02,316.26,415.97333333333336,472.351,0.8806445489335968,-0.05884615384615266,-6.364615384615405,-5.200384615384607,0,429.2238461538461,202.0046153846154,8.358846153846153,87.4996153846154,195.64,8.3,92.7
P004,M028,74,5.98,442.52,411.0,459.447,0.8945536699554029,0.11333333333333329,-3.568888888888921,-2.447777777777773,0,425.04,201.7688888888889,8.356666666666667,87.69222222222223,198.2,8.47,90.14
P004,M029,61,5.37,327.57,456.50666666666666,441.53900000000004,1.0338988552917558,0.32928571428571374,-2.2614285714285813,-1.620357142857145,0,425.6642857142857,201.64142857142858,8.360714285714286,87.77964285714286,199.38,8.69,89.4
P004,M030,71,5.83,413.93,362.1166666666666,431.396,0.83940663952996,-0.04206896551724171,-6.243448275862079,-4.614482758620696,0,422.28172413793106,201.56344827586207,8.372068965517242,87.8355172413793,195.32,8.33,92.45
P005,M001,60,6.02,361.2,361.2,361.2,1.0,0.0,0.0,0.0,0,361.2,199.93,7.02,91.16,199.93,7.02,91.16
P005,M002,68,5.36,364.48,361.2,361.2,1.0,-0.019999999999999574,-8.219999999999999,-3.7900000000000063,0,361.2,199.93,7.02,91.16,191.71,7.0,94.95
P005,M003,95,6.02,571.9,362.84000000000003,362.84000000000003,1.0,-0.41000000000000014,5.260000000000019,-0.914999999999992,0,362.84000000000003,195.82,7.01,93.055,201.08,6.6,93.97
P005,M004,69,5.61,387.09,432.52666666666664,432.52666666666664,1.0,-0.22333333333333183,3.146666666666647,-0.14000000000000057,0,432.52666666666664,197.57333333333335,6.873333333333332,93.36,200.72,6.65,93.5
P005,M005,72,5.64,406.08,441.1566666666666,421.16749999999996,1.0474613227912093,-0.07749999999999968,1.8099999999999739,0.35499999999998977,0,421.16749999999996,198.36,6.8175,93.395,200.17,6.74,93.04
P005,M006,51,5.93,302.43,455.02333333333326,418.15,1.0881820718243054,0.008000000000000007,-0.6419999999999959,0.23399999999999466,0,418.15,198.722,6.802,93.324,198.08,6.81,93.09
P005,M007,71,5.26,373.46,365.2,398.8633333333333,0.9156018352150695,0.05666666666666664,3.5049999999999955,-0.24499999999999034,0,398.8633333333333,198.615,6.803333333333334,93.28500000000001,202.12,6.86,93.53
P005,M008,62,5.98,370.76,360.6566666666667,395.2342857142857,0.9125136145890563,-0.021428571428571352,-0.2757142857142867,-0.9199999999999875,0,395.2342857142857,199.1157142857143,6.811428571428571,93.32000000000001,198.84,6.79,94.24
P005,M009,58,4.98,288.84,348.8833333333334,392.17499999999995,0.8896113554748095,-0.10874999999999968,-2.021250000000009,-0.17499999999999716,0,392.17499999999995,199.08125,6.80875,93.435,197.06,6.7,93.61
P005,M010,70,6.4,448.0,344.3533333333333,380.6933333333333,0.904542588960493,0.07333333333333325,-0.466666666666697,2.5544444444444423,0,380.6933333333333,198.85666666666668,6.796666666666667,93.45444444444445,198.39,6.87,90.9
P005,M011,72,6.8,489.6,369.2,387.424,0.952961096886099,0.23599999999999977,1.25,-1.801000000000002,0,387.424,198.81,6.804,93.199,200.06,7.04,95.0
P005,M012,64,6.63,424.32,408.81333333333333,400.264,1.0213592362374166,-0.25545454545454493,-5.383636363636356,1.8827272727272657,0,396.7127272727273,198.92363636363635,6.825454545454545,93.36272727272727,193.54,6.57,91.48
P005,M013,68,5.88,399.84,453.97333333333336,406.248,1.1174783219445594,0.045833333333332504,-0.914999999999992,4.505833333333328,0,399.0133333333333,198.475,6.804166666666667,93.20583333333333,197.56,6.85,88.7
P005,M014,73,6.01,438.73,437.92,389.04200000000003,1.125636820703163,-0.26769230769230745,-0.5846153846154039,0.859230769230777,0,399.0769230769231,198.4046153846154,6.8076923076923075,92.85923076923078,197.82,6.54,92.0
P005,M015,86,6.01,516.86,420.9633333333333,394.206,1.0678765247949886,-0.04857142857142893,-1.6928571428571502,-1.772142857142839,0,401.90928571428566,198.36285714285714,6.788571428571429,92.79785714285715,196.67,6.74,94.57
P005,M016,73,5.41,394.93,451.81,405.284,1.1147985116609587,-0.005333333333332746,-2.4199999999999875,3.185999999999993,0,409.5726666666667,198.25,6.785333333333333,92.916,195.83,6.78,89.73
P005,M017,67,6.53,437.51,450.1733333333334,414.534,1.0859744516332397,0.03500000000000014,-0.41874999999998863,-1.0531249999999943,0,408.65749999999997,198.09875,6.785,92.716875,197.68,6.82,93.77
P005,M018,77,6.21,478.17,449.7666666666667,420.939,1.0684841905042457,0.032941176470588474,5.735882352941161,2.108823529411765,0,410.3547058823529,198.07411764705884,6.787058823529412,92.77882352941177,203.81,6.82,90.67
P005,M019,78,6.1,475.8,436.87000000000006,431.68,1.0120227946627132,0.061111111111110894,-0.31277777777776805,0.1116666666666788,0,414.1222222222222,198.39277777777778,6.788888888888889,92.66166666666668,198.08,6.85,92.55
P005,M020,60,4.69,281.4,463.82666666666665,450.37600000000003,1.0298654161559821,0.007894736842104066,0.6936842105262997,2.7757894736842132,0,417.36842105263156,198.3763157894737,6.792105263157896,92.65578947368421,199.07,6.8,89.88
P005,M021,71,5.34,379.14,411.78999999999996,433.716,0.949446181372142,0.1875000000000009,7.669000000000011,-2.1230000000000047,0,410.57,198.411,6.7924999999999995,92.517,206.08,6.98,94.64
P005,M022,53,5.43,287.79,378.78,422.66999999999996,0.8961601249201505,-0.27142857142857135,-4.756190476190483,2.6980952380952345,0,409.07333333333327,198.7761904761905,6.801428571428572,92.61809523809524,194.02,6.53,89.92
P005,M023,66,5.81,383.46,316.11,409.017,0.7728529621018198,0.0009090909090900823,-2.2199999999999704,0.7154545454545485,0,403.56045454545455,198.55999999999997,6.78909090909091,92.49545454545455,196.34,6.79,91.78
P005,M024,56,5.86,328.16,350.13000000000005,407.379,0.8594699284941051,0.05086956521739072,3.426521739130436,2.8643478260869557,0,402.6865217391304,198.46347826086955,6.789130434782609,92.46434782608695,201.89,6.84,89.6
P005,M025,90,5.89,530.1,333.13666666666666,396.322,0.8405707143854407,-0.03125000000000089,-0.6562500000000284,0.06500000000001194,0,399.58125,198.60625000000002,6.791250000000001,92.34500000000001,197.95,6.76,92.28
P005,M026,69,5.77,398.13,413.9066666666667,397.646,1.0408923179578486,-0.05999999999999961,-8.840000000000003,-2.607600000000005,0,404.80199999999996,198.58,6.79,92.3424,189.74,6.73,94.95
P005,M027,89,5.49,488.61,418.7966666666666,397.966,1.052342829956998,-0.08769230769230685,1.7300000000000182,1.52269230769231,0,404.54538461538465,198.23999999999998,6.787692307692307,92.44269230769231,199.97,6.7,90.92
P005,M028,53,5.45,288.85,472.28000000000003,403.076,1.1716897061596325,0.005555555555555536,-2.014074074074074,0.5762962962962916,0,407.6588888888889,198.30407407407407,6.7844444444444445,92.3862962962963,196.29,6.79,91.81
P005,M029,78,6.34,494.52,391.8633333333334,384.144,1.020094894969942,-0.09464285714285658,1.7378571428571377,-2.634285714285724,0,403.4157142857143,198.23214285714286,6.784642857142857,92.36571428571428,199.97,6.69,95.0
P005,M030,66,4.92,324.72,423.99333333333334,386.01599999999996,1.0983827958772003,-0.19137931034482758,-2.242068965517234,-2.263448275862075,0,406.5572413793103,198.29206896551725,6.781379310344827,92.45655172413792,196.05,6.59,94.72
P006,M001,75,6.94,520.5,520.5,520.5,1.0,0.0,0.0,0.0,0,520.5,194.19,8.24,70.51,194.19,8.24,70.51
P006,M002,71,5.73,406.83,520.5,520.5,1.0,-0.22000000000000064,-3.329999999999984,1.3299999999999983,0,520.5,194.19,8.24,70.51,190.86,8.02,69.18
P006,M003,69,5.28,364.32,463.66499999999996,463.66499999999996,1.0,0.010000000000001563,1.5250000000000057,1.394999999999996,0,463.66499999999996,192.525,8.129999999999999,69.845,194.05,8.14,68.45
P006,M004,62,5.59,346.58,430.55,430.55,1.0,0.16666666666666785,1.2466666666666697,-2.6899999999999835,0,430.55,193.03333333333333,8.133333333333333,69.38000000000001,194.28,8.3,72.07
P006,M005,61,5.39,328.79,372.57666666666665,409.5575,0.909705393422576,0.22499999999999964,1.1450000000000102,0.9825000000000159,0,409.5575,193.345,8.175,70.05250000000001,194.49,8.4,69.07
P006,M006,73,5.74,419.02,346.56333333333333,393.404,0.8809349506698797,0.02999999999999936,-0.3240000000000123,-1.1340000000000003,0,393.404,193.574,8.22,69.856,193.25,8.25,70.99
P006,M007,69,5.22,360.18,364.7966666666666,397.67333333333335,0.917327454694808,0.4850000000000012,1.6299999999999955,1.2650000000000006,0,397.67333333333335,193.52,8.225,70.045,195.15,8.71,68.78
P006,M008,73,6.62,483.26,369.33,392.3171428571428,0.9414067336193023,-0.07428571428571473,4.227142857142837,2.9942857142857093,0,392.3171428571428,193.75285714285715,8.294285714285715,69.86428571428571,197.98,8.22,66.87
P006,M009,88,5.78,508.64,420.82,403.685,1.0424464619691096,-0.08500000000000085,3.7987500000000125,0.3199999999999932,0,403.685,194.28125,8.285,69.49,198.08,8.2,69.17
P006,M010,79,5.87,463.73,450.6933333333333,415.34666666666664,1.0851016018747393,0.07444444444444365,-4.063333333333333,-1.775555555555556,0,415.34666666666664,194.70333333333332,8.275555555555556,69.45444444444445,190.64,8.35,71.23
P006,M011,72,6.0,432.0,485.21,420.18500000000006,1.154753263443483,0.2370000000000001,9.88300000000001,-5.137999999999991,0,420.18500000000006,194.297,8.283,69.632,204.18,8.52,74.77
P006,M012,62,5.6,347.2,468.1233333333333,411.33500000000004,1.1380585978176747,0.11545454545454525,-3.7054545454545575,0.489090909090919,0,421.25909090909096,195.19545454545457,8.304545454545455,70.09909090909092,191.49,8.42,69.61
P006,M013,58,5.74,332.92,414.31,405.372,1.0220488834946666,-0.0841666666666665,0.09333333333333371,-1.5916666666666686,0,415.08750000000003,194.88666666666666,8.314166666666667,70.05833333333334,194.98,8.23,71.65
P006,M014,69,6.27,432.63,370.7066666666667,402.23199999999997,0.9216240047203273,0.2523076923076921,1.9761538461538635,-1.169230769230765,0,408.7669230769231,194.89384615384614,8.307692307692308,70.18076923076923,196.87,8.56,71.35
P006,M015,55,6.38,350.9,370.9166666666667,410.837,0.9028316988651623,-0.2857142857142865,2.6949999999999648,0.10428571428572297,0,410.4714285714286,195.03500000000003,8.325714285714286,70.26428571428572,197.73,8.04,70.16
P006,M016,51,5.88,299.88,372.15000000000003,413.04799999999994,0.9009848734287542,-0.1566666666666663,2.585333333333324,-3.012666666666675,0,406.5,195.2146666666667,8.306666666666667,70.25733333333332,197.8,8.15,73.27
P006,M017,75,6.63,497.25,361.1366666666666,401.134,0.9002893463697084,-0.12687500000000007,6.603749999999991,1.745625000000004,0,399.83625,195.37625,8.296875,70.445625,201.98,8.17,68.7
P006,M018,71,6.51,462.21,382.6766666666667,414.841,0.922465876484404,0.07058823529411562,3.5052941176470824,-2.4870588235294093,0,405.5664705882353,195.76470588235293,8.289411764705884,70.34294117647059,199.27,8.36,72.83
P006,M019,56,6.0,336.0,419.78,412.736,1.0170665994727865,-0.3133333333333326,-0.579444444444448,-1.0888888888888744,0,408.71333333333337,195.95944444444444,8.293333333333333,70.48111111111112,195.38,7.98,71.57
P006,M020,63,5.59,352.17,431.82,395.47200000000004,1.0919104260225754,-0.2668421052631569,-1.048947368421068,-0.5715789473684225,0,404.8863157894737,195.92894736842106,8.276842105263157,70.53842105263158,194.88,8.01,71.11
P006,M021,67,6.27,420.09,383.46000000000004,384.316,0.997772666243404,-0.7435000000000009,13.683499999999981,8.61699999999999,0,402.2505,195.87650000000002,8.2635,70.567,209.56,7.52,61.95
P006,M022,65,6.56,426.4,369.42,383.125,0.9642283849918435,-1.0480952380952377,23.50190476190477,14.716666666666669,3,403.1,196.52809523809523,8.228095238095237,70.15666666666667,220.03,7.18,55.44
P006,M023,72,7.55,543.6,399.5533333333333,391.045,1.0217579391971083,-1.5104545454545448,24.26363636363638,20.857727272727267,3,404.15909090909093,197.59636363636363,8.180454545454545,69.48772727272727,221.86,6.67,48.63
P006,M024,58,7.14,414.12,463.3633333333333,412.113,1.124359904524568,-1.5247826086956522,32.058695652173895,25.300869565217383,3,410.2217391304348,198.6513043478261,8.114782608695652,68.58086956521738,230.71,6.59,43.28
P006,M025,70,6.14,429.8,461.3733333333333,410.262,1.1245821775678304,0.088750000000001,-11.147083333333342,-1.6033333333333246,0,410.38416666666666,199.98708333333335,8.05125,67.52666666666667,188.84,8.14,69.13
P006,M026,61,6.56,400.16,462.50666666666666,418.15199999999993,1.1060730707175064,-0.014800000000001035,1.4687999999999874,-1.1291999999999973,0,411.1608,199.5412,8.0548,67.5908,201.01,8.04,68.72
P006,M027,62,5.79,358.98,414.6933333333333,428.18,0.9685023432512806,0.40576923076923244,-2.4276923076923254,-3.175769230769234,0,410.7376923076923,199.5976923076923,8.054230769230768,67.63423076923077,197.17,8.46,70.81
P006,M028,58,6.17,357.86,396.31333333333333,414.35299999999995,0.9564630480130067,0.14074074074074083,1.2422222222222103,-5.228148148148151,0,408.82074074074075,199.5077777777778,8.06925925925926,67.75185185185185,200.75,8.21,72.98
P006,M029,65,6.32,410.8,372.3333333333333,403.918,0.9218042606007489,0.4057142857142857,-0.6721428571428589,-3.691428571428574,0,407.0007142857143,199.55214285714285,8.074285714285715,67.93857142857142,198.88,8.48,71.63
P006,M030,59,7.46,440.14,375.88000000000005,411.398,0.9136651126160069,0.4317241379310346,3.2510344827586266,-1.004137931034478,0,407.13172413793103,199.52896551724137,8.088275862068965,68.06586206896552,202.78,8.52,69.07
P007,M001,72,5.87,422.64,422.64,422.64,1.0,0.0,0.0,0.0,0,422.64,187.35,8.2,68.49,187.35,8.2,68.49
P007,M002,62,5.32,329.84,422.64,422.64,1.0,-0.3299999999999992,0.46999999999999886,-0.09000000000000341,0,422.64,187.35,8.2,68.49,187.82,7.87,68.58
P007,M003,63,6.45,406.35,376.24,376.24,1.0,0.3349999999999991,-0.5449999999999875,3.0150000000000006,0,376.24,187.58499999999998,8.035,68.535,187.04,8.37,65.52
P007,M004,60,4.98,298.8,386.27666666666664,386.27666666666664,1.0,0.1033333333333335,1.4166666666666572,-1.0400000000000063,0,386.27666666666664,187.40333333333334,8.146666666666667,67.52999999999999,188.82,8.25,68.57
P007,M005,61,5.43,331.23,344.99666666666667,364.4075,0.9467331673104057,-0.3024999999999993,-0.40749999999999886,0.7399999999999949,0,364.4075,187.7575,8.1725,67.78999999999999,187.35,7.87,67.05
P007,M006,67,6.62,443.54,345.46000000000004,357.77200000000005,0.965587021902217,0.058000000000001606,4.474000000000018,-2.7280000000000086,0,357.77200000000005,187.676,8.111999999999998,67.642,192.15,8.17,70.37
P007,M007,59,6.0,354.0,357.8566666666666,372.06666666666666,0.9618079197276472,-0.07166666666666544,5.578333333333347,-0.8233333333333377,0,372.06666666666666,188.42166666666665,8.121666666666666,68.09666666666666,194.0,8.05,68.92
P007,M008,64,6.21,397.44,376.25666666666666,369.4857142857143,1.0183253428188472,-0.2314285714285722,0.791428571428554,1.8242857142857076,0,369.4857142857143,189.21857142857144,8.111428571428572,68.21428571428571,190.01,7.88,66.39
P007,M009,83,5.42,449.86,398.32666666666665,372.98,1.0679571737537312,-0.15249999999999986,-6.5674999999999955,1.8262500000000017,0,372.98,189.3175,8.0825,67.98625,182.75,7.93,66.16
P007,M010,59,5.71,336.89,400.4333333333334,381.5222222222222,1.0495675219151355,-0.29555555555555557,-2.1277777777777658,-1.3566666666666691,0,381.5222222222222,188.58777777777777,8.065555555555555,67.78333333333333,186.46,7.77,69.14
P007,M011,49,5.76,282.24,394.73,377.059,1.0468653446808058,-0.19599999999999973,6.034999999999997,0.8289999999999935,0,377.059,188.375,8.036,67.919,194.41,7.84,67.09
P007,M012,85,5.59,475.15,356.33,363.019,0.9815739672028185,-0.08818181818181792,-0.9336363636363387,1.643636363636361,0,368.4390909090909,188.92363636363635,8.018181818181818,67.84363636363636,187.99,7.93,66.2
P007,M013,62,5.47,339.14,364.76,377.55,0.9661236922261952,-0.04083333333333261,5.95416666666668,-2.203333333333333,0,377.33166666666665,188.84583333333333,8.010833333333332,67.70666666666666,194.8,7.97,69.91
P007,M014,60,5.84,350.4,365.51,370.829,0.9856564616035962,0.03230769230769148,-0.5938461538461297,-1.9938461538461638,0,374.39384615384614,189.30384615384614,8.007692307692308,67.87615384615384,188.71,8.04,69.87
P007,M015,81,5.65,457.65,388.23,375.989,1.0325568035235075,0.0600000000000005,-2.6614285714285586,1.6985714285714408,0,372.68,189.26142857142855,8.01,68.01857142857143,186.6,8.07,66.32
P007,M016,72,6.41,461.52,382.3966666666667,388.631,0.9839582191504711,-0.19399999999999906,-2.7040000000000077,-3.414666666666662,0,378.3446666666667,189.084,8.014,67.90533333333333,186.38,7.82,71.32
P007,M017,67,6.67,446.89,423.19,390.429,1.0839102628134694,-0.09187499999999993,-2.0250000000000057,0.08875000000000455,0,383.543125,188.915,8.001875,68.11875,186.89,7.91,68.03
P007,M018,79,6.23,492.17,455.3533333333333,399.71799999999996,1.1391864597874835,-0.026470588235294024,1.6341176470588437,1.4735294117647157,0,387.26941176470586,188.79588235294116,7.996470588235294,68.11352941176472,190.43,7.97,66.64
P007,M019,59,5.49,323.91,466.85999999999996,409.191,1.1409341847694596,0.055000000000000604,-1.1166666666666458,-3.478333333333339,0,393.09722222222223,188.88666666666666,7.995,68.03166666666667,187.77,8.05,71.51
P007,M020,65,6.54,425.1,420.99,396.596,1.0615084367971437,0.002105263157893944,-8.357894736842098,-2.7452631578947404,0,389.4557894736842,188.8278947368421,7.997894736842106,68.21473684210525,180.47,8.0,70.96
P007,M021,58,6.0,348.0,413.7266666666667,405.41700000000003,1.0204965915752586,-0.23800000000000043,3.0,2.9720000000000084,0,391.238,188.41,7.998,68.352,191.41,7.76,65.38
P007,M022,58,6.24,361.92,365.67,411.99300000000005,0.8875636236537998,-0.05666666666666664,1.2171428571428748,1.4604761904762,0,389.17904761904765,188.55285714285714,7.986666666666666,68.2104761904762,189.77,7.93,66.75
P007,M023,72,6.52,469.44,378.34,400.66999999999996,0.9442683505128909,0.26590909090909065,-5.548181818181831,1.7240909090909042,0,387.94,188.60818181818183,7.984090909090909,68.1440909090909,183.06,8.25,66.42
P007,M024,69,5.72,394.68,393.12000000000006,413.7,0.9502538071065991,0.14434782608695684,-0.9969565217391221,-0.4308695652173924,0,391.4834782608696,188.36695652173913,7.995652173913044,68.06913043478261,187.37,8.14,68.5
P007,M025,67,5.54,371.18,408.68,418.128,0.9774040485210271,0.018333333333332646,-3.745416666666671,2.8870833333333223,0,391.6166666666666,188.32541666666668,8.001666666666667,68.08708333333333,184.58,8.02,65.2
P007,M026,81,5.8,469.8,411.76666666666665,409.481,1.005581862569122,0.027599999999999625,1.6143999999999892,0.2015999999999991,0,390.7992,188.1756,8.0024,67.9716,189.79,8.03,67.77
P007,M027,77,7.07,544.39,411.8866666666667,410.309,1.0038450696101393,-0.1134615384615385,0.06230769230768374,-2.896153846153851,0,393.83769230769235,188.23769230769233,8.003461538461538,67.96384615384615,188.3,7.89,70.86
P007,M028,56,6.02,337.12,461.78999999999996,420.059,1.099345568122573,-0.29925925925925867,6.960000000000008,0.0011111111111148375,0,399.41370370370373,188.23999999999998,7.999259259259259,68.07111111111111,195.2,7.7,68.07
P007,M029,70,5.84,408.8,450.43666666666667,404.554,1.1134154319736467,0.07142857142857206,1.2814285714285631,3.4710714285714346,0,397.1889285714286,188.48857142857145,7.988571428571428,68.07107142857143,189.77,8.06,64.6
P007,M030,69,5.46,376.74,430.1033333333333,413.043,1.0413040127379796,-0.09103448275862025,-3.802758620689673,-0.5186206896551795,0,397.5893103448276,188.53275862068966,7.991034482758621,67.95137931034482,184.73,7.9,68.47
P008,M001,76,6.15,467.4,467.4,467.4,1.0,0.0,0.0,0.0,0,467.4,254.31,7.21,69.23,254.31,7.21,69.23
P008,M002,64,5.15,329.6,467.4,467.4,1.0,0.1900000000000004,-5.949999999999989,-3.9200000000000017,0,467.4,254.31,7.21,69.23,248.36,7.4,73.15
P008,M003,59,6.75,398.25,398.5,398.5,1.0,-0.08499999999999996,3.0649999999999977,0.21999999999999886,0,398.5,251.335,7.305,71.19,254.4,7.22,70.97
P008,M004,68,5.89,400.52,398.4166666666667,398.4166666666667,1.0,-0.4166666666666661,4.143333333333317,0.9766666666666737,0,398.4166666666667,252.35666666666668,7.276666666666666,71.11666666666667,256.5,6.86,70.14
P008,M005,58,5.71,331.18,376.1233333333333,398.9425,0.942800863115194,0.037499999999999645,2.047499999999985,-2.3974999999999937,0,398.9425,253.3925,7.1725,70.8725,255.44,7.21,73.27
P008,M006,63,6.13,386.19,376.65000000000003,385.39,0.9773216741482655,0.20000000000000018,2.4480000000000075,0.16200000000000614,0,385.39,253.802,7.18,71.352,256.25,7.38,71.19
P008,M007,66,5.59,368.94,372.62999999999994,385.5233333333333,0.9665562828017326,0.12666666666666604,4.3300000000000125,-0.8449999999999989,0,385.5233333333333,254.21,7.213333333333334,71.325,258.54,7.34,72.17
P008,M008,77,6.19,476.63,362.1033333333333,383.1542857142857,0.9450588100777505,0.018571428571428683,-2.3685714285714425,3.5457142857142827,0,383.1542857142857,254.82857142857145,7.231428571428571,71.44571428571429,252.46,7.25,67.9
P008,M009,69,6.26,431.94,410.58666666666664,394.83875,1.0398844253930666,0.06625000000000014,-8.602499999999992,-2.3474999999999966,0,394.83875,254.5325,7.23375,71.0025,245.93,7.3,73.35
P008,M010,54,6.49,350.46,425.83666666666664,398.9611111111111,1.0673638477712948,-0.14111111111111185,3.573333333333295,3.0733333333333377,0,398.9611111111111,253.57666666666668,7.2411111111111115,71.26333333333334,257.15,7.1,68.19
P008,M011,62,5.41,335.42,419.6766666666667,394.111,1.0648692035154226,-0.07699999999999907,4.055999999999983,1.7859999999999872,0,394.111,253.93400000000003,7.226999999999999,70.95599999999999,257.99,7.15,69.17
P008,M012,63,5.7,359.1,372.60666666666674,380.913,0.9781936207655468,0.020000000000000462,-2.002727272727242,0.003636363636360329,0,388.7754545454545,254.30272727272725,7.22,70.79363636363637,252.3,7.24,70.79
P008,M013,81,6.72,544.32,348.32666666666665,383.863,0.907424437017026,-0.0216666666666665,7.92416666666665,-1.1566666666666663,0,386.3025,254.13583333333335,7.221666666666667,70.79333333333334,262.06,7.2,71.95
P008,M014,56,6.74,377.44,412.9466666666667,398.46999999999997,1.03633063133151,-0.09999999999999964,5.404615384615369,0.8223076923076889,0,398.4576923076923,254.7453846153846,7.22,70.88230769230769,260.15,7.12,70.06
P008,M015,72,6.19,445.68,426.9533333333334,396.162,1.0777240960347874,-0.12285714285714366,-1.951428571428579,1.0035714285714334,0,396.9564285714286,255.1314285714286,7.2128571428571435,70.82357142857143,253.18,7.09,69.82
P008,M016,62,5.18,321.16,455.81333333333333,407.612,1.1182529791402935,-0.2246666666666659,1.1186666666666838,-1.4233333333333462,0,400.20466666666664,255.00133333333332,7.204666666666666,70.75666666666666,256.12,6.98,72.18
P008,M017,71,6.52,462.92,381.4266666666667,401.10900000000004,0.9509302126520887,-0.7606250000000001,9.668750000000017,6.695624999999993,0,395.26437500000003,255.07125,7.190625,70.845625,264.74,6.43,64.15
P008,M018,62,7.48,463.76,409.92,410.50699999999995,0.9985700609246616,-0.7358823529411769,23.72999999999999,11.811764705882354,2,399.24411764705883,255.64000000000001,7.145882352941177,70.45176470588235,279.37,6.41,58.64
P008,M019,77,7.08,545.16,415.9466666666667,409.21999999999997,1.016437775931447,-1.2950000000000008,30.2116666666667,18.715555555555554,3,402.8283333333333,256.9583333333333,7.105,69.79555555555555,287.17,5.81,51.08
P008,M020,72,7.61,547.92,490.6133333333333,420.54200000000003,1.1666214868748739,-1.3668421052631574,35.69157894736844,24.530526315789473,3,410.3194736842105,258.54842105263157,7.036842105263157,68.81052631578947,294.24,5.67,44.28
P008,M021,87,5.94,516.78,518.9466666666666,440.288,1.1786527606172927,0.27149999999999963,-12.572999999999979,-4.756,0,417.1995,260.33299999999997,6.968500000000001,67.584,247.76,7.24,72.34
P008,M022,60,6.35,381.0,536.62,458.424,1.1705757115683297,0.08857142857142808,-7.194285714285712,-3.4095238095238045,0,421.9414285714286,259.7342857142857,6.981428571428572,67.8104761904762,252.54,7.07,71.22
P008,M023,80,7.09,567.2,481.8999999999999,460.61400000000003,1.0462122297628815,0.17454545454545478,-1.977272727272748,0.605454545454549,0,420.0804545454546,259.40727272727275,6.985454545454545,67.96545454545455,257.43,7.16,67.36
P008,M024,73,6.3,459.9,488.32666666666665,462.90199999999993,1.0549245124598008,0.006956521739129862,-1.601304347826101,-3.540869565217406,0,426.4769565217391,259.3213043478261,6.99304347826087,67.9391304347826,257.72,7.0,71.48
P008,M025,69,5.68,391.92,469.3666666666666,471.148,0.9962191639711229,0.30666666666666664,-9.374583333333362,-4.803333333333342,0,427.86958333333337,259.25458333333336,6.993333333333333,68.08666666666666,249.88,7.3,72.89
P008,M026,71,5.37,381.27,473.00666666666666,465.77200000000005,1.0155326354239125,0.12440000000000051,-7.08959999999999,-4.32119999999999,0,426.43160000000006,258.8796,7.005599999999999,68.2788,251.79,7.13,72.6
P008,M027,73,6.08,443.84,411.03,471.783,0.8712268140225484,0.10961538461538467,3.563076923076949,-2.6950000000000074,0,424.69461538461536,258.60692307692307,7.010384615384615,68.445,262.17,7.12,71.14
P008,M028,82,6.25,512.5,405.6766666666667,469.875,0.8633714640418552,0.3855555555555563,-3.028888888888872,-2.395185185185184,0,425.4037037037037,258.7388888888889,7.014444444444444,68.54481481481481,255.71,7.4,70.94
P008,M029,73,6.95,507.35,445.86999999999995,474.74899999999997,0.939169961390124,0.331785714285715,1.039285714285711,-4.209642857142853,0,428.5142857142857,258.6307142857143,7.028214285714285,68.63035714285715,259.67,7.36,72.84
P008,M030,74,5.94,439.56,487.8966666666667,470.968,1.0359444095281776,0.09034482758620666,-5.156551724137955,-2.904482758620702,0,431.23275862068965,258.66655172413795,7.039655172413793,68.7755172413793,253.51,7.13,71.68
P009,M001,78,5.86,457.08,457.08,457.08,1.0,0.0,0.0,0.0,0,457.08,184.87,8.03,77.75,184.87,8.03,77.75
P009,M002,61,5.37,327.57,457.08,457.08,1.0,-0.5099999999999998,-4.710000000000008,2.0400000000000063,0,457.08,184.87,8.03,77.75,180.16,7.52,75.71
P009,M003,67,5.82,389.94,392.325,392.325,1.0,-0.22499999999999964,7.905000000000001,2.1499999999999915,0,392.325,182.515,7.7749999999999995,76.72999999999999,190.42,7.55,74.58
P009,M004,52,6.01,312.52,391.53,391.53,1.0,-0.16999999999999904,0.7399999999999807,-0.4066666666666663,0,391.53,185.15,7.699999999999999,76.01333333333334,185.89,7.53,76.42
P009,M005,66,5.28,348.48,343.3433333333333,371.7775,0.9235183230112993,0.07250000000000068,-0.754999999999967,3.3149999999999977,0,371.7775,185.33499999999998,7.6575,76.115,184.58,7.73,72.8
P009,M006,60,5.67,340.2,350.31333333333333,367.118,0.9542254352369901,0.008000000000000007,-0.5840000000000032,-2.397999999999996,0,367.118,185.184,7.672,75.452,184.6,7.68,77.85
P009,M007,63,6.7,422.1,333.7333333333333,362.63166666666666,0.9203094048598439,-0.033333333333333215,3.663333333333327,2.14166666666668,0,362.63166666666666,185.08666666666667,7.673333333333333,75.85166666666667,188.75,7.64,73.71
P009,M008,71,6.32,448.72,370.26000000000005,371.1271428571428,0.9976634884463933,0.1114285714285721,4.850000000000023,-1.0542857142857116,0,371.1271428571428,185.60999999999999,7.668571428571428,75.54571428571428,190.46,7.78,76.6
P009,M009,67,6.7,448.9,403.67333333333335,380.82625,1.0599934572087226,0.09750000000000014,-5.806250000000006,1.7674999999999983,0,380.82625,186.21625,7.6825,75.6775,180.41,7.78,73.91
P009,M010,81,6.04,489.24,439.9066666666667,388.39000000000004,1.1326415887810362,-0.14333333333333265,0.8688888888889039,0.17111111111110233,0,388.39000000000004,185.5711111111111,7.6933333333333325,75.4811111111111,186.44,7.55,75.31
P009,M011,84,6.74,566.16,462.2866666666667,398.475,1.160139699270134,0.001000000000000334,-0.5879999999999939,1.6940000000000026,0,398.475,185.658,7.678999999999999,75.464,185.07,7.68,73.77
P009,M012,64,5.58,357.12,501.43333333333334,409.383,1.22485138203915,0.12090909090909108,4.365454545454526,-0.5999999999999943,0,413.7190909090909,185.60454545454547,7.679090909090909,75.31,189.97,7.8,75.91
P009,M013,68,6.76,459.68,470.84,412.338,1.141878749957559,-0.609166666666666,12.491666666666674,7.730000000000004,0,409.0025,185.96833333333333,7.689166666666666,75.36,198.46,7.08,67.63
P009,M014,65,6.28,408.2,460.9866666666667,419.312,1.0993882041693694,-0.9523076923076914,17.37076923076924,15.885384615384602,1,412.90076923076924,186.92923076923077,7.642307692307692,74.7653846153846,204.3,6.69,58.88
P009,M015,71,7.4,525.4,408.3333333333333,428.88,0.9520922713424113,-1.3942857142857141,25.039999999999992,18.560714285714276,3,412.565,188.17000000000002,7.574285714285714,73.63071428571428,213.21,6.18,55.07
P009,M016,75,8.37,627.75,464.4266666666667,446.57199999999995,1.0399816080423017,-1.5713333333333335,38.94066666666666,18.50333333333333,3,420.0873333333333,189.83933333333334,7.481333333333334,72.39333333333333,228.78,5.91,53.89
P009,M017,69,6.81,469.89,520.4499999999999,475.32700000000006,1.0949304373620683,0.1068750000000005,-7.363124999999997,-2.8331249999999955,0,433.06624999999997,192.273125,7.383125,71.236875,184.91,7.49,74.07
P009,M018,68,4.91,333.88,541.0133333333333,480.10599999999994,1.1268622623615063,0.2505882352941171,-7.969999999999999,-2.2464705882353115,0,435.2323529411765,191.84,7.389411764705883,71.4035294117647,183.87,7.64,73.65
P009,M019,77,6.4,492.8,477.17333333333335,468.622,1.018247827317824,0.3766666666666678,-5.887222222222249,-1.3216666666666583,0,429.6016666666667,191.39722222222224,7.403333333333332,71.52833333333334,185.51,7.78,72.85
P009,M020,64,6.39,408.96,432.19,473.012,0.9136977497399643,0.10684210526315852,-5.92736842105262,-1.8221052631579084,0,432.92789473684206,191.08736842105262,7.423157894736842,71.5978947368421,185.16,7.53,73.42
P009,M021,72,5.73,412.56,411.87999999999994,464.98400000000004,0.8857939197907883,0.2815000000000003,-4.070999999999998,-3.111000000000004,0,431.72950000000003,190.791,7.4285,71.689,186.72,7.71,74.8
P009,M022,78,5.48,427.44,438.1066666666666,449.62399999999997,0.9743845227716196,-0.2519047619047612,-3.9671428571428464,-3.3228571428571456,0,430.81666666666666,190.59714285714284,7.441904761904762,71.83714285714285,186.63,7.19,75.16
P009,M023,60,5.69,341.4,416.32,456.65600000000006,0.9116709295399599,0.2795454545454543,-2.176818181818163,-4.211818181818188,0,430.66318181818184,190.41681818181817,7.430454545454546,71.98818181818181,188.24,7.71,76.2
P009,M024,78,6.5,507.0,393.8,444.828,0.8852859981835677,0.267391304347826,-5.292173913043484,-2.638695652173908,0,426.7821739130435,190.32217391304349,7.442608695652174,72.1713043478261,185.03,7.71,74.81
P009,M025,80,5.85,468.0,425.28000000000003,454.70799999999997,0.9352815433201088,0.22625000000000028,-1.5816666666666492,-1.1887499999999989,0,430.1245833333333,190.10166666666666,7.453749999999999,72.28125,188.52,7.68,73.47
P009,M026,54,6.21,335.34,438.8,448.968,0.977352506191978,0.4472000000000005,-0.42839999999998213,0.39879999999999427,0,431.6396,190.0384,7.4628,72.3288,189.61,7.91,71.93
P009,M027,70,5.8,406.0,436.78,419.727,1.0406287896656636,0.3100000000000005,-9.07192307692307,-0.9665384615384625,0,427.9357692307692,190.02192307692306,7.4799999999999995,72.31346153846154,180.95,7.79,73.28
P009,M028,70,5.59,391.3,403.1133333333333,413.338,0.9752631825124554,0.13851851851851826,-4.995925925925945,-0.580740740740751,0,427.12333333333333,189.68592592592594,7.491481481481482,72.34925925925926,184.69,7.63,72.93
P009,M029,64,6.44,412.16,377.5466666666666,419.08000000000004,0.900894021825586,0.04357142857142815,-7.117500000000007,-2.680000000000007,0,425.84392857142853,189.5075,7.496428571428572,72.36999999999999,182.39,7.54,75.05
P009,M030,47,6.01,282.47,403.15333333333336,411.01599999999996,0.9808701688823146,0.06206896551724128,0.7879310344827672,-3.1575862068965677,0,425.3720689655172,189.26206896551724,7.497931034482758,72.46241379310344,190.05,7.56,75.62
P010,M001,75,7.14,535.5,535.5,535.5,1.0,0.0,0.0,0.0,0,535.5,236.61,6.75,63.46,236.61,6.75,63.46
P010,M002,79,6.34,500.86,535.5,535.5,1.0,0.15000000000000036,5.779999999999973,1.0200000000000031,0,535.5,236.61,6.75,63.46,242.39,6.9,62.44
P010,M003,74,6.63,490.62,518.1800000000001,518.1800000000001,1.0,-0.1850000000000005,-3.8899999999999864,-1.5600000000000023,0,518.1800000000001,239.5,6.825,62.95,235.61,6.64,64.51
P010,M004,73,7.05,514.65,508.99333333333334,508.99333333333334,1.0,-0.1733333333333329,0.38666666666665606,-4.25,0,508.99333333333334,238.20333333333335,6.763333333333333,63.47,238.59,6.59,67.72
P010,M005,73,6.29,459.17,502.04333333333335,510.4075,0.983612766923161,0.08000000000000007,2.609999999999985,-1.7974999999999994,0,510.4075,238.3,6.72,64.5325,240.91,6.8,66.33
P010,M006,68,5.78,393.04,488.1466666666667,500.16,0.9759810194071231,0.02400000000000002,7.847999999999956,2.7419999999999973,0,500.16,238.82200000000003,6.736,64.892,246.67,6.76,62.15
P010,M007,72,6.07,437.04,455.62000000000006,482.3066666666667,0.9446686755314738,0.22000000000000064,-3.9000000000000057,3.7150000000000034,0,482.3066666666667,240.13,6.739999999999999,64.435,236.23,6.96,60.72
P010,M008,63,6.31,397.53,429.75,475.84000000000003,0.9031397108271687,-0.14142857142857146,-1.912857142857149,-0.2957142857142898,0,475.84000000000003,239.57285714285715,6.771428571428571,63.90428571428571,237.66,6.63,64.2
P010,M009,72,5.83,419.76,409.2033333333333,466.05125,0.8780221774608121,-0.13375000000000004,-7.6737500000000125,0.18124999999999858,0,466.05125,239.33375,6.75375,63.94125,231.66,6.62,63.76
P010,M010,75,6.35,476.25,418.10999999999996,460.90777777777777,0.9071445962918587,-0.08888888888888857,-3.321111111111094,2.1511111111111063,0,460.90777777777777,238.4811111111111,6.738888888888889,63.92111111111111,235.16,6.65,61.77
P010,M011,74,5.63,416.62,431.18,462.442,0.9323980088313778,-0.11999999999999922,-1.6189999999999714,-0.8939999999999984,0,462.442,238.14899999999997,6.7299999999999995,63.705999999999996,236.53,6.61,64.6
P010,M012,65,6.49,421.85,437.54333333333335,450.554,0.9711229582543566,0.0009090909090909705,0.48818181818182893,-0.42272727272727195,0,458.2763636363636,238.00181818181818,6.719090909090909,63.78727272727272,238.49,6.72,64.21
P010,M013,71,5.96,423.16,438.24,442.65299999999996,0.9900305657027063,0.31083333333333396,0.8274999999999864,-1.3374999999999986,0,455.24083333333334,238.04250000000002,6.719166666666666,63.8225,238.87,7.03,65.16
P010,M014,75,6.19,464.25,420.54333333333335,435.907,0.9647547144994996,0.056923076923077076,-0.01615384615385551,1.785384615384615,0,452.7730769230769,238.10615384615386,6.743076923076923,63.925384615384615,238.09,6.8,62.14
P010,M015,70,6.22,435.4,436.42,430.867,1.0128879677487483,-0.12714285714285634,2.1750000000000114,2.1478571428571414,0,453.59285714285716,238.105,6.747142857142856,63.79785714285714,240.28,6.62,61.65
P010,M016,69,6.34,437.46,440.93666666666667,428.48999999999995,1.029047741293068,-0.18866666666666632,3.5999999999999943,4.044666666666664,0,452.38,238.25,6.738666666666666,63.654666666666664,241.85,6.55,59.61
P010,M017,77,6.51,501.27,445.7033333333333,432.93199999999996,1.0294996288870617,-0.06687499999999957,-0.4749999999999943,0.14187499999999886,0,451.4475,238.475,6.726875,63.401875,238.0,6.66,63.26
P010,M018,82,4.98,408.36,458.0433333333333,439.355,1.0425358385208618,-0.06294117647058872,-3.5270588235294156,0.13352941176471234,0,454.37823529411764,238.4470588235294,6.722941176470589,63.39352941176471,234.92,6.66,63.26
P010,M019,59,5.52,325.68,449.03,440.438,1.0195078535457884,0.030555555555555003,-6.501111111111129,0.7761111111111134,0,451.82166666666666,238.25111111111113,6.719444444444445,63.38611111111111,231.75,6.75,62.61
P010,M020,70,5.73,401.1,411.77,431.03000000000003,0.9553163352898869,0.1489473684210525,2.9010526315789207,0.8852631578947339,0,445.18263157894734,237.90894736842108,6.721052631578948,63.345263157894735,240.81,6.87,62.46
P010,M021,75,5.72,429.0,378.37999999999994,423.515,0.8934276235788577,-0.05849999999999955,-1.1440000000000055,0.6709999999999994,0,442.9785,238.054,6.7284999999999995,63.301,236.91,6.67,62.63
P010,M022,73,6.07,443.11,385.26000000000005,424.753,0.9070212570599856,-0.6257142857142863,10.060476190476209,4.399047619047629,0,442.3128571428571,237.9995238095238,6.725714285714286,63.269047619047626,248.06,6.1,58.87
P010,M023,62,6.92,429.04,424.40333333333336,426.879,0.994200542386328,-0.7272727272727275,20.543181818181807,13.829090909090908,2,442.34909090909093,238.4568181818182,6.697272727272727,63.06909090909091,259.0,5.97,49.24
P010,M024,79,6.19,489.01,433.7166666666667,427.467,1.0146202318931443,-1.3056521739130433,35.07000000000002,19.627826086956517,3,441.7704347826087,239.35,6.665652173913044,62.46782608695652,274.42,5.36,42.84
P010,M025,80,6.83,546.4,453.72,429.94300000000004,1.055302679657536,-1.6112499999999992,32.818749999999994,20.65,3,443.73875,240.81125,6.611249999999999,61.65,273.63,5.0,41.0
P010,M026,79,5.61,443.19,488.1499999999999,441.043,1.1068081797012987,0.1432000000000011,-4.584000000000032,-3.5259999999999962,0,447.84520000000003,242.12400000000002,6.546799999999999,60.824,237.54,6.69,64.35
P010,M027,82,6.94,569.08,492.8666666666666,441.616,1.1160525584821805,0.13769230769230756,-5.117692307692295,-0.22038461538461007,0,447.66615384615386,241.9476923076923,6.552307692307693,60.95961538461539,236.83,6.69,61.18
P010,M028,70,5.31,371.7,519.5566666666667,448.39700000000005,1.1586979098135506,-0.08740740740740804,-1.8981481481481524,-3.832222222222221,0,452.1629629629629,241.75814814814817,6.557407407407408,60.967777777777776,239.86,6.47,64.8
P010,M029,73,5.74,419.02,461.3233333333333,444.73100000000005,1.0373086952187576,0.08571428571428541,-5.670357142857142,-0.995357142857145,0,449.2892857142857,241.69035714285715,6.554285714285714,61.104642857142856,236.02,6.64,62.1
P010,M030,64,5.92,378.88,453.26666666666665,454.06499999999994,0.9982418082579955,-0.09724137931034438,-9.564827586206889,-0.7610344827586175,0,448.24551724137933,241.4948275862069,6.557241379310344,61.13896551724138,231.93,6.46,61.9
P011,M001,72,5.72,411.84,411.84,411.84,1.0,0.0,0.0,0.0,0,411.84,218.08,7.99,68.32,218.08,7.99,68.32
P011,M002,63,5.27,332.01,411.84,411.84,1.0,-0.3200000000000003,0.4899999999999807,-3.7700000000000102,0,411.84,218.08,7.99,68.32,218.57,7.67,72.09
P011,M003,63,6.51,410.13,371.92499999999995,371.92499999999995,1.0,-0.04999999999999982,-4.155000000000001,-3.2950000000000017,0,371.92499999999995,218.325,7.83,70.205,214.17,7.78,73.5
P011,M004,67,6.09,408.03,384.66,384.66,1.0,-0.07333333333333325,8.690000000000026,0.7033333333333331,0,384.66,216.93999999999997,7.8133333333333335,71.30333333333333,225.63,7.74,70.6
P011,M005,62,5.18,321.16,383.39000000000004,390.5025,0.9817862881799734,-0.17499999999999982,-1.1525000000000034,2.6474999999999937,0,390.5025,219.1125,7.795,71.1275,217.96,7.62,68.48
P011,M006,60,7.25,435.0,379.77333333333337,376.634,1.008335236153224,0.0600000000000005,9.177999999999997,1.0879999999999939,0,376.634,218.882,7.76,70.598,228.06,7.82,69.51
P011,M007,82,5.5,451.0,388.06333333333333,386.3616666666667,1.0044043361789687,-0.13000000000000078,-3.8416666666666686,0.4066666666666663,0,386.3616666666667,220.41166666666666,7.7700000000000005,70.41666666666667,216.57,7.64,70.01
P011,M008,81,4.94,400.14,402.3866666666666,395.5957142857143,1.0171663952255248,0.008571428571428896,-0.2328571428571422,3.828571428571422,0,395.5957142857143,219.86285714285714,7.751428571428571,70.35857142857142,219.63,7.76,66.53
P011,M009,69,4.98,343.62,428.7133333333333,396.16375,1.082161942715186,0.21749999999999936,0.35624999999998863,-2.1200000000000045,0,396.16375,219.83375,7.7525,69.88,220.19,7.97,72.0
P011,M010,57,5.17,294.69,398.25333333333333,390.3255555555555,1.0203106808276852,-0.086666666666666,-6.093333333333334,-0.4444444444444571,0,390.3255555555555,219.87333333333333,7.776666666666666,70.11555555555555,213.78,7.69,70.56
P011,M011,80,5.34,427.2,346.15000000000003,380.762,0.9090980717613628,0.08199999999999896,-6.293999999999983,-0.030000000000001137,0,380.762,219.26399999999998,7.768000000000001,70.16,212.97,7.85,70.19
P011,M012,57,5.71,325.47,355.17,382.29799999999994,0.9290396496973566,0.164545454545455,-3.7318181818181984,0.2027272727272731,0,384.9836363636363,218.6918181818182,7.775454545454545,70.16272727272727,214.96,7.94,69.96
P011,M013,65,6.28,408.2,349.12000000000006,381.644,0.9147792183291237,0.15083333333333382,3.3291666666666515,-1.6141666666666765,0,380.02416666666664,218.38083333333336,7.789166666666667,70.14583333333333,221.71,7.94,71.76
P011,M014,55,6.03,331.65,386.95666666666665,381.45099999999996,1.0144334833744484,-0.16076923076923055,7.153076923076895,0.8199999999999932,0,382.19153846153847,218.6369230769231,7.80076923076923,70.27,225.79,7.64,69.45
P011,M015,69,5.94,409.86,355.1066666666666,373.813,0.9499580449761422,0.11071428571428665,5.442142857142841,1.981428571428566,0,378.5814285714286,219.14785714285716,7.789285714285714,70.21142857142857,224.59,7.9,68.23
P011,M016,63,5.81,366.03,383.2366666666667,382.683,1.0014468023577392,-0.006666666666666821,-1.6806666666666388,0.9793333333333436,0,380.6666666666667,219.51066666666665,7.796666666666667,70.07933333333334,217.83,7.79,69.1
P011,M017,69,5.22,360.18,369.18,375.78599999999994,0.9824208459069791,0.053749999999999964,-3.775624999999991,0.22812499999999147,0,379.751875,219.405625,7.79625,70.018125,215.63,7.85,69.79
P011,M018,76,6.02,457.52,378.69000000000005,366.704,1.0326857629041408,-0.16941176470588282,-3.833529411764715,3.4247058823529386,0,378.60058823529414,219.1835294117647,7.799411764705883,70.00470588235294,215.35,7.63,66.58
P011,M019,74,4.83,357.42,394.57666666666665,372.442,1.0594311776509273,0.09999999999999964,0.6694444444444514,2.6444444444444457,0,382.98499999999996,218.97055555555553,7.79,69.81444444444445,219.64,7.89,67.17
P011,M020,71,6.3,447.3,391.70666666666665,373.822,1.0478427344208383,0.0447368421052623,-3.0557894736842,0.19526315789472903,0,381.6394736842105,219.0057894736842,7.795263157894738,69.67526315789473,215.95,7.84,69.48
P011,M021,53,5.5,291.5,420.74666666666667,389.08299999999997,1.0813802367789564,0.03250000000000064,-1.3730000000000189,3.8954999999999984,0,384.9225,218.853,7.797499999999999,69.6655,217.48,7.83,65.77
P011,M022,61,7.38,450.18,365.4066666666667,375.51300000000003,0.9730865953153863,-0.10904761904761884,-2.1276190476190493,2.069999999999993,0,380.4738095238095,218.78761904761905,7.799047619047619,69.47999999999999,216.66,7.69,67.41
P011,M023,68,5.54,376.72,396.32666666666665,387.98400000000004,1.0215026049184157,0.01590909090909065,0.9490909090908985,0.6859090909090924,0,383.6422727272727,218.6909090909091,7.794090909090909,69.3859090909091,219.64,7.81,68.7
P011,M024,70,5.03,352.1,372.8,384.836,0.9687243397187373,0.07521739130434746,1.1378260869565224,1.116086956521741,0,383.3413043478261,218.73217391304348,7.794782608695653,69.35608695652174,219.87,7.87,68.24
P011,M025,77,5.86,451.22,393.0,386.881,1.0158162328984883,-0.04791666666666661,1.1604166666666629,1.4595833333333417,0,382.0395833333334,218.77958333333333,7.797916666666667,69.30958333333334,219.94,7.75,67.85
P011,M026,63,5.82,366.66,393.34666666666664,391.017,1.0059579677268933,-0.006000000000000227,-3.725999999999999,-1.9887999999999977,0,384.8068,218.826,7.796,69.2512,215.1,7.79,71.24
P011,M027,78,5.86,457.08,389.99333333333334,391.08000000000004,0.9972213698816951,0.014230769230769269,-0.9126923076923106,3.147692307692296,0,384.1088461538462,218.68269230769232,7.79576923076923,69.3276923076923,217.77,7.81,66.18
P011,M028,81,6.09,493.29,424.9866666666667,400.77,1.0604253478720131,0.0637037037037036,2.6911111111111268,0.4911111111111097,0,386.81148148148145,218.64888888888888,7.796296296296297,69.21111111111111,221.34,7.86,68.72
P011,M029,68,6.89,468.52,439.01000000000005,404.34700000000004,1.0857258740636138,0.06142857142857139,-0.9549999999999841,-0.8964285714285722,0,390.61428571428576,218.74499999999998,7.798571428571429,69.19357142857143,217.79,7.86,70.09
P011,M030,67,5.58,373.86,472.9633333333333,415.457,1.1384170523864885,0.09931034482758694,-0.8920689655172396,-0.2155172413793025,0,393.3006896551724,218.71206896551723,7.800689655172413,69.2244827586207,217.82,7.9,69.44
P012,M001,58,5.37,311.46,311.46,311.46,1.0,0.0,0.0,0.0,0,311.46,198.31,7.83,77.02,198.31,7.83,77.02
P012,M002,68,5.57,378.76,311.46,311.46,1.0,0.040000000000000036,-0.7299999999999898,1.6700000000000017,0,311.46,198.31,7.83,77.02,197.58,7.87,75.35
P012,M003,72,5.8,417.6,345.11,345.11,1.0,0.2699999999999996,-0.49500000000000455,-0.0049999999999954525,0,345.11,197.945,7.85,76.185,197.45,8.12,76.19
P012,M004,61,6.27,382.47,369.2733333333333,369.2733333333333,1.0,0.1900000000000004,-0.8100000000000023,1.6366666666666703,0,369.2733333333333,197.78,7.94,76.18666666666667,196.97,8.13,74.55
P012,M005,58,5.62,325.96,392.9433333333333,372.5725,1.0546761592262803,0.12249999999999872,3.1125000000000114,3.5675000000000097,0,372.5725,197.5775,7.987500000000001,75.7775,200.69,8.11,72.21
P012,M006,76,5.58,424.08,375.3433333333333,363.25,1.0332920394585914,0.47799999999999976,7.360000000000014,1.9539999999999935,0,363.25,198.2,8.012,75.064,205.56,8.49,73.11
P012,M007,69,6.07,418.83,377.50333333333333,373.3883333333333,1.0110206978436214,0.09833333333333272,1.4833333333333485,0.6883333333333326,0,373.3883333333333,199.42666666666665,8.091666666666667,74.73833333333333,200.91,8.19,74.05
P012,M008,72,5.18,372.96,389.6233333333333,379.88,1.0256484503878416,-0.3957142857142868,-1.53857142857143,-0.6400000000000006,0,379.88,199.63857142857142,8.105714285714287,74.64,198.1,7.71,75.28
P012,M009,64,5.45,348.8,405.28999999999996,379.015,1.0693244330699312,-0.2062500000000007,-0.5662499999999966,-2.219999999999999,0,379.015,199.44625,8.05625,74.72,198.88,7.85,76.94
P012,M010,65,5.68,369.2,380.1966666666667,375.65777777777777,1.0120825100860122,0.1566666666666663,-0.37333333333333485,-1.593333333333348,0,375.65777777777777,199.38333333333333,8.033333333333333,74.96666666666665,199.01,8.19,76.56
P012,M011,73,6.53,476.69,363.65333333333336,375.012,0.9697111914640955,-0.13899999999999935,-1.0060000000000002,1.3960000000000008,0,375.012,199.346,8.049,75.126,198.34,7.91,73.73
P012,M012,88,5.79,509.52,398.23,391.53499999999997,1.017099365318554,-0.08636363636363686,2.205454545454529,-0.11090909090908951,0,384.2554545454545,199.25454545454548,8.036363636363637,74.99909090909091,201.46,7.95,75.11
P012,M013,74,5.91,437.34,451.8033333333333,404.611,1.1166363082895256,0.0008333333333325754,-2.15833333333336,0.33833333333333826,0,394.69416666666666,199.43833333333336,8.029166666666667,75.00833333333334,197.28,8.03,74.67
P012,M014,52,7.26,377.52,474.51666666666665,406.585,1.1670786346438424,0.11076923076923251,-1.6823076923076883,-1.0376923076923106,0,397.9746153846154,199.2723076923077,8.029230769230768,74.98230769230769,197.59,8.14,76.02
P012,M015,64,6.72,430.08,441.46,406.09000000000003,1.0870989189588514,-0.137142857142857,6.437857142857126,2.156428571428563,0,396.5135714285714,199.15214285714288,8.037142857142857,75.05642857142857,205.59,7.9,72.9
P012,M016,78,6.43,501.54,414.98,416.50199999999995,0.9963457558427092,0.03200000000000003,-5.76133333333334,0.0726666666666631,0,398.7513333333333,199.58133333333333,8.028,74.91266666666667,193.82,8.06,74.84
P012,M017,75,5.87,440.25,436.38000000000005,424.24799999999993,1.0285964813033888,0.1800000000000015,1.428750000000008,-0.3418750000000017,0,405.17562499999997,199.22125,8.03,74.908125,200.65,8.21,75.25
P012,M018,78,6.23,485.94,457.29,426.39,1.072468866530641,-0.6805882352941177,11.474705882352936,6.728235294117638,0,407.2388235294117,199.30529411764707,8.040588235294118,74.92823529411764,210.78,7.36,68.2
P012,M019,84,5.45,457.8,475.91,437.688,1.0873270457494837,-0.8927777777777779,16.38722222222225,15.404444444444444,1,411.6111111111111,199.94277777777776,8.002777777777778,74.55444444444444,216.33,7.11,59.15
P012,M020,66,6.62,436.92,461.33,448.588,1.028404683139094,-1.2357894736842105,25.13473684210524,16.42368421052631,3,414.0421052631579,200.80526315789476,7.95578947368421,73.74368421052631,225.94,6.72,57.32
P012,M021,82,6.86,562.52,460.22,455.36,1.0106728742094166,-1.564,36.47800000000001,21.7325,3,415.186,202.06199999999998,7.894,72.9225,238.54,6.33,51.19
P012,M022,75,5.8,435.0,485.74666666666667,463.94300000000004,1.0469964341883953,0.27047619047618987,-2.039047619047608,-0.932380952380953,0,422.20190476190476,203.7990476190476,7.81952380952381,71.88761904761904,201.76,8.09,72.82
P012,M023,63,5.97,376.11,478.1466666666667,456.491,1.047439416476265,0.14818181818181841,-3.5663636363636613,-2.789999999999992,0,422.78363636363633,203.70636363636365,7.831818181818182,71.93,200.14,7.98,74.72
P012,M024,71,5.76,408.96,457.8766666666667,450.36800000000005,1.016672291696272,0.11173913043478301,-8.201304347826095,-2.8086956521739097,0,420.754347826087,203.5513043478261,7.838260869565217,72.05130434782609,195.35,7.95,74.86
P012,M025,73,6.73,491.29,406.69,453.512,0.8967568664114731,0.3870833333333339,-3.4595833333333132,-1.4016666666666566,0,420.2629166666666,203.2095833333333,7.8429166666666665,72.16833333333334,199.75,8.23,73.57
P012,M026,64,5.51,352.64,425.4533333333334,459.633,0.9256370481086723,0.11159999999999926,-4.6311999999999784,-2.6055999999999955,0,423.10400000000004,203.07119999999998,7.8584000000000005,72.2244,198.44,7.97,74.83
P012,M027,79,5.68,448.72,417.62999999999994,444.74300000000005,0.9390367020953672,0.007307692307692015,-1.0030769230769465,-2.3953846153846143,0,420.39384615384614,202.89307692307693,7.862692307692308,72.32461538461538,201.89,7.87,74.72
P012,M028,75,7.47,560.25,430.8833333333334,445.59,0.9669950702065429,0.07703703703703724,-0.0059259259259079045,-2.356666666666669,0,421.44296296296295,202.8559259259259,7.862962962962963,72.41333333333333,202.85,7.94,74.77
P012,M029,48,7.35,352.8,453.87000000000006,453.021,1.0018740853073038,0.06428571428571406,-5.255714285714305,-4.042500000000004,0,426.4003571428571,202.8557142857143,7.865714285714286,72.4975,197.6,7.93,76.54
P012,M030,65,5.87,381.55,453.92333333333335,442.521,1.0257667621046986,0.11206896551724199,-8.984482758620686,-2.4931034482758605,0,423.8624137931034,202.67448275862068,7.867931034482758,72.63689655172413,193.69,7.98,75.13
P013,M001,75,5.33,399.75,399.75,399.75,1.0,0.0,0.0,0.0,0,399.75,253.27,7.75,77.55,253.27,7.75,77.55
P013,M002,74,6.23,461.02,399.75,399.75,1.0,0.019999999999999574,6.450000000000017,0.4200000000000017,0,399.75,253.27,7.75,77.55,259.72,7.77,77.13
P013,M003,62,5.75,356.5,430.385,430.385,1.0,-0.41000000000000014,-1.164999999999992,4.359999999999999,0,430.385,256.495,7.76,77.34,255.33,7.35,72.98
P013,M004,68,7.25,493.0,405.75666666666666,405.75666666666666,1.0,-0.34333333333333194,-1.8666666666666742,-0.09333333333333371,0,405.75666666666666,256.1066666666667,7.623333333333332,75.88666666666667,254.24,7.28,75.98
P013,M005,70,5.16,361.2,436.84,427.5675,1.0216866342741204,0.022499999999999964,-2.7600000000000193,-1.480000000000004,0,427.5675,255.64000000000001,7.5375,75.91,252.88,7.56,77.39
P013,M006,67,6.11,409.37,403.56666666666666,414.294,0.9741069546425164,0.07800000000000029,4.021999999999991,-0.31400000000000716,0,414.294,255.08800000000002,7.542,76.20599999999999,259.11,7.62,76.52
P013,M007,72,6.54,470.88,421.19,413.47333333333336,1.018663033488657,0.13500000000000068,-7.248333333333363,1.7983333333333462,0,413.47333333333336,255.75833333333335,7.555,76.25833333333334,248.51,7.69,74.46
P013,M008,72,5.56,400.32,413.81666666666666,421.6742857142857,0.9813656670235208,0.10571428571428587,7.047142857142859,1.0014285714285762,0,421.6742857142857,254.72285714285712,7.574285714285714,76.00142857142858,261.77,7.68,75.0
P013,M009,75,5.82,436.5,426.8566666666666,419.005,1.0187388376431465,0.15249999999999986,4.456250000000011,-0.6337500000000063,0,419.005,255.60375,7.5875,75.87625,260.06,7.74,76.51
P013,M010,59,5.49,323.91,435.90000000000003,420.94888888888886,1.0355176400407546,-0.3644444444444437,4.331111111111113,2.156666666666652,0,420.94888888888886,256.0988888888889,7.604444444444444,75.94666666666666,260.43,7.24,73.79
P013,M011,54,6.05,326.7,386.91,411.245,0.9408260282799792,0.2519999999999998,0.7679999999999723,-1.8190000000000026,0,411.245,256.53200000000004,7.5680000000000005,75.731,257.3,7.82,77.55
P013,M012,65,6.13,398.45,362.37000000000006,403.94,0.8970886765361193,-0.010909090909090757,1.0381818181818403,-1.8536363636363689,0,403.55909090909086,256.60181818181815,7.590909090909091,75.89636363636363,257.64,7.58,77.75
P013,M013,54,6.5,351.0,349.68666666666667,397.683,0.8793100702485815,-0.040000000000000036,-1.7083333333333428,-1.379166666666677,0,403.1333333333334,256.68833333333333,7.59,76.05083333333333,254.98,7.55,77.43
P013,M014,63,5.92,372.96,358.71666666666664,397.133,0.9032658244635089,0.0030769230769234213,0.34307692307686466,0.6469230769230734,0,399.12307692307695,256.5569230769231,7.586923076923076,76.15692307692308,256.9,7.59,75.51
P013,M015,65,5.99,389.35,374.1366666666666,385.129,0.9714580482556925,-0.09714285714285698,2.58857142857147,-0.8892857142857196,0,397.2542857142857,256.58142857142855,7.587142857142857,76.11071428571428,259.17,7.49,77.0
P013,M016,63,6.07,382.41,371.1033333333333,387.944,0.9565899545638888,0.059333333333333016,-1.5340000000000202,-3.6499999999999915,0,396.7273333333333,256.754,7.580666666666667,76.17,255.22,7.64,79.82
P013,M017,77,6.12,471.24,381.5733333333333,385.248,0.99046155550018,-0.09437499999999943,-4.488124999999997,-1.5418750000000045,0,395.8325,256.658125,7.584375,76.398125,252.17,7.49,77.94
P013,M018,62,6.79,420.98,414.3333333333333,385.284,1.075397196180826,0.3311764705882352,-2.334117647058804,1.528823529411767,0,400.2682352941177,256.3941176470588,7.578823529411765,76.48882352941176,254.06,7.91,74.96
P013,M019,66,5.16,340.56,424.8766666666667,387.35,1.096880512886709,0.10277777777777786,-0.19444444444445708,-1.176111111111112,0,401.4188888888889,256.26444444444445,7.597222222222222,76.40388888888889,256.07,7.7,77.58
P013,M020,64,6.05,387.2,410.9266666666667,377.756,1.087809767857206,0.08736842105263243,0.8157894736842195,-2.9042105263157936,0,398.21578947368425,256.2542105263158,7.602631578947368,76.46578947368421,257.07,7.69,79.37
P013,M021,76,5.65,429.4,382.91333333333336,384.08500000000004,0.9969494599719679,-0.01699999999999946,1.025000000000034,0.5210000000000008,0,397.665,256.29499999999996,7.606999999999999,76.611,257.32,7.59,76.09
P013,M022,72,6.77,487.44,385.71999999999997,394.35499999999996,0.9781034854382473,0.013809523809524826,1.606190476190477,0.5761904761904617,0,399.1761904761905,256.3438095238095,7.606190476190475,76.58619047619047,257.95,7.62,76.01
P013,M023,73,6.25,456.25,434.68,403.254,1.077931031062308,0.0931818181818187,4.483181818181777,-4.730000000000004,0,403.1881818181818,256.4168181818182,7.6068181818181815,76.56,260.9,7.7,81.29
P013,M024,51,5.92,301.92,457.69666666666666,413.779,1.1061379786472167,-0.22086956521739243,-3.211739130434779,2.80565217391306,0,405.4952173913043,256.6117391304348,7.610869565217392,76.76565217391305,253.4,7.39,73.96
P013,M025,69,6.24,430.56,415.2033333333334,406.675,1.0209708817442267,0.008333333333333748,2.662083333333328,-1.491250000000008,0,401.1795833333333,256.47791666666666,7.601666666666667,76.64874999999999,259.14,7.61,78.14
P013,M026,72,5.25,378.0,396.24333333333334,410.796,0.964574468430397,0.2679999999999998,-5.814399999999949,1.0484000000000009,0,402.3548,256.58439999999996,7.602,76.7084,250.77,7.87,75.66
P013,M027,57,5.79,330.03,370.16,410.355,0.9020482265355607,-0.04230769230769127,2.7892307692307554,-0.7619230769230825,0,401.41807692307697,256.3607692307692,7.6123076923076916,76.66807692307692,259.15,7.57,77.43
P013,M028,57,6.33,360.81,379.53,396.23400000000004,0.9578430927179392,-0.020740740740741614,3.735925925925926,-1.363703703703706,0,398.77407407407406,256.46407407407406,7.6107407407407415,76.6962962962963,260.2,7.59,78.06
P013,M029,67,5.83,390.61,356.28,390.217,0.9130304420360978,0.05999999999999961,-1.8874999999999602,-1.5649999999999977,0,397.41821428571427,256.59749999999997,7.61,76.745,254.71,7.67,78.31
P013,M030,77,6.21,478.17,360.48333333333335,395.22200000000004,0.9121034085484444,0.257931034482759,-2.7724137931034534,-1.871034482758617,0,397.1834482758621,256.53241379310344,7.612068965517241,76.79896551724138,253.76,7.87,78.67
P014,M001,60,6.57,394.2,394.2,394.2,1.0,0.0,0.0,0.0,0,394.2,245.33,7.87,70.61,245.33,7.87,70.61
P014,M002,44,6.73,296.12,394.2,394.2,1.0,-0.20000000000000018,0.9699999999999989,-0.8900000000000006,0,394.2,245.33,7.87,70.61,246.3,7.67,71.5
P014,M003,70,6.02,421.4,345.15999999999997,345.15999999999997,1.0,-0.08999999999999986,-2.8249999999999886,-0.1349999999999909,0,345.15999999999997,245.815,7.77,71.055,242.99,7.68,71.19
P014,M004,69,5.56,383.64,370.5733333333333,370.5733333333333,1.0,0.1800000000000006,-5.953333333333347,-4.159999999999997,0,370.5733333333333,244.87333333333333,7.739999999999999,71.10000000000001,238.92,7.92,75.26
P014,M005,79,5.37,424.23,367.0533333333333,373.84,0.9818460660532135,-0.22500000000000053,2.7050000000000125,2.450000000000003,0,373.84,243.385,7.785,72.14,246.09,7.56,69.69
P014,M006,83,5.87,487.21,409.75666666666666,383.918,1.0673025663466331,0.2699999999999996,0.9939999999999714,3.740000000000009,0,383.918,243.92600000000002,7.74,71.65,244.92,8.01,67.91
P014,M007,78,5.33,415.74,431.6933333333333,401.1333333333334,1.0761841449227187,0.004999999999999893,-0.4516666666666822,1.2566666666666606,0,401.1333333333334,244.09166666666667,7.785,71.02666666666666,243.64,7.79,69.77
P014,M008,57,5.45,310.65,442.3933333333334,403.21999999999997,1.097151265644892,-0.2957142857142854,-0.08714285714287939,-2.42285714285714,0,403.21999999999997,244.02714285714288,7.785714285714286,70.84714285714286,243.94,7.49,73.27
P014,M009,73,6.15,448.95,404.5333333333333,391.64875,1.0328983134334868,-0.10875000000000057,6.903749999999974,0.21999999999999886,0,391.64875,244.01625,7.74875,71.15,250.92,7.64,70.93
P014,M010,81,5.49,444.69,391.78,398.0155555555555,0.9843333873047955,0.08333333333333393,5.146666666666647,0.9355555555555526,0,398.0155555555555,244.78333333333336,7.736666666666666,71.12555555555555,249.93,7.82,70.19
P014,M011,77,5.66,435.82,401.43,402.683,0.9968883712498418,0.004999999999999893,0.24199999999999022,0.07200000000000273,0,402.683,245.298,7.745,71.032,245.54,7.75,70.96
P014,M012,71,4.87,345.77,443.15333333333336,406.845,1.089243651349613,0.06454545454545357,6.219999999999999,-0.7745454545454606,0,405.69545454545454,245.32,7.745454545454546,71.02545454545454,251.54,7.81,71.8
P014,M013,71,6.12,434.52,408.76,411.80999999999995,0.992593671838955,0.059166666666666146,0.8416666666666686,-0.9900000000000091,0,400.70166666666665,245.83833333333334,7.7508333333333335,71.08999999999999,246.68,7.81,72.08
P014,M014,62,5.38,333.56,405.36999999999995,413.122,0.981235567217432,0.1546153846153855,3.5469230769230933,3.2861538461538515,0,403.3030769230769,245.9030769230769,7.755384615384615,71.16615384615385,249.45,7.91,67.88
P014,M015,61,6.55,399.55,371.2833333333333,408.114,0.909753973971325,-0.1864285714285714,4.823571428571427,-1.5885714285714272,0,398.32142857142856,246.15642857142856,7.7664285714285715,70.93142857142857,250.98,7.58,72.52
P014,M016,72,6.05,435.6,389.21000000000004,405.64599999999996,0.9594819128008166,0.045999999999999375,-1.4380000000000166,-1.272666666666666,0,398.40333333333336,246.478,7.7540000000000004,71.03733333333334,245.04,7.8,72.31
P014,M017,63,6.67,420.21,389.57,400.485,0.972745546025444,0.06312500000000032,3.3118749999999864,0.9468749999999915,0,400.728125,246.388125,7.756875,71.116875,249.7,7.82,70.17
P014,M018,63,6.41,403.83,418.4533333333334,400.93199999999996,1.0437015088177881,0.16941176470588193,0.24705882352944286,-1.6288235294117612,0,401.8741176470588,246.58294117647057,7.760588235294118,71.06117647058824,246.83,7.93,72.69
P014,M019,75,5.77,432.75,419.88000000000005,410.25,1.023473491773309,0.1900000000000004,1.1333333333333258,2.0116666666666703,0,401.98277777777776,246.59666666666666,7.77,71.15166666666667,247.73,7.96,69.14
P014,M020,82,5.71,468.22,418.93,408.63,1.0252061767369014,-0.2499999999999991,2.493684210526311,-2.494210526315797,0,403.60210526315785,246.6563157894737,7.779999999999999,71.04578947368421,249.15,7.53,73.54
P014,M021,67,6.44,431.48,434.93333333333334,410.983,1.058275727544286,-0.14749999999999996,-0.5510000000000161,0.8004999999999995,0,406.83299999999997,246.781,7.7675,71.1705,246.23,7.62,70.37
P014,M022,48,6.42,308.16,444.15000000000003,410.549,1.0818440673342282,-0.02047619047618987,0.9052380952380759,-0.7776190476190408,0,408.00666666666666,246.75476190476192,7.76047619047619,71.13238095238096,247.66,7.74,71.91
P014,M023,61,5.68,346.48,402.62000000000006,406.788,0.9897538767121942,-0.14954545454545443,2.274090909090887,1.1377272727272754,0,403.4681818181818,246.7959090909091,7.759545454545455,71.16772727272728,249.07,7.61,70.03
P014,M024,75,6.21,465.75,362.04,397.98400000000004,0.9096848114497065,-0.18304347826086875,-0.6747826086956366,-3.3317391304347836,0,400.9904347826087,246.89478260869564,7.753043478260869,71.11826086956522,246.22,7.57,74.45
P014,M025,81,6.44,521.64,373.46333333333337,411.203,0.9082213245850186,-0.055416666666666003,-4.49666666666667,4.917083333333338,0,403.68875,246.86666666666667,7.745416666666666,71.25708333333334,242.37,7.69,66.34
P014,M026,56,5.6,313.6,444.6233333333333,423.412,1.0500962025954232,0.12679999999999936,0.44319999999999027,-2.049599999999998,0,408.4068,246.6868,7.743200000000001,71.0604,247.13,7.87,73.11
P014,M027,80,7.1,568.0,433.66333333333336,411.212,1.0545979527186302,0.0019230769230773603,-1.973846153846182,-0.7107692307692304,0,404.7603846153846,246.70384615384617,7.748076923076923,71.13923076923076,244.73,7.75,71.85
P014,M028,63,4.27,269.01,467.74666666666667,425.991,1.0980200677166105,-0.21814814814814731,-1.4207407407407118,-2.3744444444444497,0,410.8062962962963,246.63074074074072,7.748148148148148,71.16555555555556,245.21,7.53,73.54
P014,M029,79,5.64,445.56,383.5366666666667,412.509,0.9297655727915431,0.019642857142857295,-3.079999999999984,-0.9896428571428544,0,405.7421428571429,246.57999999999998,7.7403571428571425,71.25035714285714,243.5,7.76,72.24
P014,M030,65,6.98,453.7,427.5233333333333,413.78999999999996,1.0331891378074225,-0.051034482758620214,0.4062068965517369,1.8044827586206793,0,407.1151724137931,246.47379310344826,7.741034482758621,71.28448275862068,246.88,7.69,69.48
P015,M001,77,6.07,467.39,467.39,467.39,1.0,0.0,0.0,0.0,0,467.39,227.23,8.86,67.6,227.23,8.86,67.6
P015,M002,76,6.57,499.32,467.39,467.39,1.0,0.009999999999999787,3.9099999999999966,-0.7900000000000063,0,467.39,227.23,8.86,67.6,231.14,8.87,68.39
P015,M003,80,5.33,426.4,483.355,483.355,1.0,0.18500000000000227,-2.6750000000000114,0.6750000000000114,0,483.355,229.185,8.864999999999998,67.995,226.51,9.05,67.32
P015,M004,64,5.69,364.16,464.36999999999995,464.36999999999995,1.0,-0.2766666666666673,1.1466666666666754,-2.8200000000000074,0,464.36999999999995,228.29333333333332,8.926666666666668,67.77,229.44,8.65,70.59
P015,M005,66,5.78,381.48,429.96000000000004,439.3175,0.9786999152093874,-0.04749999999999943,-1.829999999999984,1.4849999999999994,0,439.3175,228.57999999999998,8.8575,68.475,226.75,8.81,66.99
P015,M006,88,5.6,492.8,390.68,427.75,0.9133372296902397,-0.018000000000000682,2.955999999999989,4.317999999999998,0,427.75,228.214,8.848,68.178,231.17,8.83,63.86
P015,M007,73,5.4,394.2,412.81333333333333,438.5916666666667,0.9412247534722882,0.07499999999999929,2.403333333333336,-1.1316666666666748,0,438.5916666666667,228.70666666666668,8.845,67.45833333333333,231.11,8.92,68.59
P015,M008,58,6.26,363.08,422.82666666666665,432.25,0.9781993445151339,0.1742857142857126,2.5500000000000114,-2.910000000000011,0,432.25,229.04999999999998,8.855714285714287,67.61999999999999,231.6,9.03,70.53
P015,M009,72,6.29,452.88,416.6933333333333,423.60375,0.9836866017671783,0.14250000000000007,-0.5787500000000136,-0.2462500000000034,0,423.60375,229.36875,8.8775,67.98375,228.79,9.02,68.23
P015,M010,75,6.21,465.75,403.3866666666667,426.8566666666667,0.9450166722631329,0.15666666666666806,2.0455555555555804,2.3811111111111245,0,426.8566666666667,229.3044444444444,8.893333333333333,68.01111111111112,231.35,9.05,65.63
P015,M011,73,6.13,447.49,427.2366666666667,430.746,0.991852893971544,0.08099999999999952,-2.379000000000019,-3.207000000000008,0,430.746,229.50900000000001,8.909,67.773,227.13,8.99,70.98
P015,M012,69,6.29,434.01,455.3733333333334,428.75600000000003,1.0620803751628745,-0.036363636363635266,0.7272727272727479,-0.2454545454545496,0,432.2681818181818,229.29272727272726,8.916363636363636,68.06454545454545,230.02,8.88,68.31
P015,M013,69,5.91,407.79,449.0833333333333,422.225,1.063611423609055,-0.023333333333333428,-0.8033333333333132,0.9649999999999892,0,432.41333333333336,229.35333333333332,8.913333333333334,68.085,228.55,8.89,67.12
P015,M014,60,5.49,329.4,429.7633333333333,420.3639999999999,1.0223599864244641,0.058461538461539675,-4.491538461538454,1.890769230769223,0,430.5192307692308,229.29153846153847,8.911538461538461,68.01076923076923,224.8,8.97,66.12
P015,M015,71,5.47,388.37,390.3999999999999,416.88800000000003,0.9364625510928593,0.14428571428571502,-7.330714285714322,-0.6642857142857252,0,423.2964285714285,228.9707142857143,8.915714285714285,67.87571428571428,221.64,9.06,68.54
P015,M016,61,5.29,322.69,375.18666666666667,417.57700000000006,0.8984849899938613,0.30466666666666775,-0.6219999999999857,-1.9200000000000017,0,420.968,228.482,8.925333333333333,67.92,227.86,9.23,69.84
P015,M017,77,6.4,492.8,346.82,400.566,0.865824857826176,-0.12437500000000057,4.606875000000002,-3.009999999999991,0,414.825625,228.443125,8.944375,68.04,233.05,8.82,71.05
P015,M018,62,5.76,357.12,401.2866666666667,410.42600000000004,0.9777320800014294,-0.07705882352941273,0.20588235294115975,-0.8029411764705827,0,419.4123529411765,228.71411764705883,8.937058823529412,68.21705882352941,228.92,8.86,69.02
P015,M019,72,5.94,427.68,390.87000000000006,409.83000000000004,0.9537369153063466,0.33722222222222165,-0.7755555555555986,-2.268333333333331,0,415.95166666666665,228.7255555555556,8.932777777777778,68.26166666666667,227.95,9.27,70.53
P015,M020,86,5.93,509.98,425.8666666666666,407.31,1.04555907457874,0.059473684210525235,1.175263157894733,-0.0189473684210526,0,416.56894736842105,228.68473684210528,8.950526315789475,68.38105263157895,229.86,9.01,68.4
P015,M021,77,6.05,465.85,431.5933333333333,411.733,1.0482359522635623,0.026500000000000412,-4.763499999999993,2.89200000000001,0,421.2395,228.74349999999998,8.9535,68.382,223.98,8.98,65.49
P015,M022,64,5.57,356.48,467.83666666666664,413.5690000000001,1.1312179265531666,-0.12476190476190574,3.3833333333333258,2.9642857142857224,0,423.3638095238095,228.51666666666668,8.954761904761906,68.24428571428572,231.9,8.83,65.28
P015,M023,60,6.3,378.0,444.1033333333333,405.816,1.094346534718526,-0.17909090909090963,5.679545454545462,0.2795454545454561,0,420.3236363636364,228.67045454545453,8.94909090909091,68.10954545454545,234.35,8.77,67.83
P015,M024,59,6.49,382.91,400.10999999999996,402.837,0.9932305125894592,-0.2713043478260868,3.4626086956521647,0.37739130434782453,0,418.4834782608696,228.91739130434783,8.941304347826087,68.09739130434782,232.38,8.67,67.72
P015,M025,80,5.47,437.6,372.46333333333337,408.188,0.9124798703865213,-0.03999999999999915,-2.2016666666666254,3.231666666666669,0,417.00125,229.06166666666664,8.93,68.08166666666666,226.86,8.89,64.85
P015,M026,67,6.13,410.71,399.5033333333334,413.11100000000005,0.9670605075472049,0.23160000000000025,5.766400000000004,-1.5276000000000067,0,417.82520000000005,228.9736,8.9284,67.9524,234.74,9.16,69.48
P015,M027,74,5.81,429.94,410.4066666666667,421.913,0.9727281848785572,-0.10730769230769255,-6.145384615384614,2.071153846153848,0,417.5515384615385,229.19538461538463,8.937307692307693,68.01115384615385,223.05,8.83,65.94
P015,M028,64,6.16,394.24,426.0833333333333,415.62699999999995,1.025157974177167,-0.06333333333333435,-0.6777777777777771,1.3644444444444588,0,418.01037037037037,228.96777777777777,8.933333333333334,67.93444444444445,228.29,8.87,66.57
P015,M029,68,5.74,390.32,411.62999999999994,419.33900000000006,0.9816163056620059,0.31892857142857167,6.276428571428568,-1.4442857142857122,0,417.1614285714286,228.94357142857143,8.931071428571428,67.88571428571429,235.22,9.25,69.33
P015,M030,70,5.38,376.6,404.8333333333333,415.60299999999995,0.9740866483960254,0.07793103448275929,0.589999999999975,-1.3244827586206895,0,416.2358620689655,229.16000000000003,8.94206896551724,67.93551724137932,229.75,9.02,69.26
P016,M001,70,6.23,436.1,436.1,436.1,1.0,0.0,0.0,0.0,0,436.1,251.07,8.25,62.08,251.07,8.25,62.08
P016,M002,67,6.23,417.41,436.1,436.1,1.0,0.17999999999999972,-9.75,-3.769999999999996,0,436.1,251.07,8.25,62.08,241.32,8.43,65.85
P016,M003,67,7.55,505.85,426.755,426.755,1.0,-0.02999999999999936,2.655000000000001,2.0049999999999955,0,426.755,246.195,8.34,63.964999999999996,248.85,8.31,61.96
P016,M004,65,6.01,390.65,453.12000000000006,453.12000000000006,1.0,-0.13000000000000078,-4.760000000000019,-2.2833333333333385,0,453.12000000000006,247.08,8.33,63.29666666666666,242.32,8.2,65.58
P016,M005,57,6.52,371.64,437.97,437.5025,1.001068565322484,-0.23749999999999893,-1.299999999999983,2.3175000000000026,0,437.5025,245.89,8.2975,63.8675,244.59,8.06,61.55
P016,M006,88,6.11,537.68,422.7133333333333,424.33000000000004,0.9961900721922402,0.15000000000000036,4.97999999999999,1.583999999999996,0,424.33000000000004,245.63000000000002,8.25,63.403999999999996,250.61,8.4,61.82
P016,M007,59,5.95,351.05,433.3233333333333,443.22166666666664,0.977667307178876,-0.1349999999999998,1.1699999999999875,0.8899999999999935,0,443.22166666666664,246.46,8.275,63.13999999999999,247.63,8.14,62.25
P016,M008,69,6.03,416.07,420.1233333333333,430.05428571428575,0.976907677214615,0.0942857142857143,3.0228571428571627,2.942857142857136,0,430.05428571428575,246.62714285714284,8.255714285714285,63.012857142857136,249.65,8.35,60.07
P016,M009,71,5.54,393.34,434.9333333333334,428.30625,1.0154727682197806,0.22250000000000014,1.545000000000016,0.384999999999998,0,428.30625,247.005,8.2675,62.644999999999996,248.55,8.49,62.26
P016,M010,61,5.81,354.41,386.82,424.4211111111111,0.9114061244204524,0.027777777777778567,-1.506666666666689,1.7622222222222135,0,424.4211111111111,247.17666666666668,8.292222222222222,62.60222222222222,245.67,8.32,60.84
P016,M011,67,6.43,430.81,387.94000000000005,417.41999999999996,0.9293756887547316,0.23499999999999943,1.353999999999985,1.466000000000001,0,417.41999999999996,247.026,8.295,62.426,248.38,8.53,60.96
P016,M012,72,5.93,426.96,392.8533333333333,416.89099999999996,0.9423406437973795,-0.1263636363636369,1.4709090909091174,1.652727272727276,0,418.6372727272728,247.1490909090909,8.316363636363636,62.29272727272728,248.62,8.19,60.64
P016,M013,92,4.38,402.96,404.06,417.846,0.9670069834340882,-0.12583333333333435,6.168333333333322,-2.644999999999996,0,419.3308333333334,247.27166666666668,8.305833333333334,62.155,253.44,8.18,64.8
P016,M014,90,5.76,518.4,420.24333333333334,407.55699999999996,1.0311277522735063,0.2138461538461538,2.4038461538461604,2.76846153846153,0,418.07153846153847,247.74615384615385,8.296153846153846,62.35846153846153,250.15,8.51,59.59
P016,M015,85,5.98,508.3,449.44,420.332,1.069250021411646,0.02857142857142847,-4.807857142857131,-3.539285714285718,0,425.23785714285714,247.91785714285714,8.311428571428571,62.160714285714285,243.11,8.34,65.7
P016,M016,76,7.22,548.72,476.5533333333333,433.99799999999993,1.0980542153036037,0.2666666666666657,-2.6573333333333267,0.47666666666666657,0,430.7753333333333,247.59733333333332,8.313333333333334,62.39666666666667,244.94,8.58,61.92
P016,M017,70,4.97,347.9,525.14,435.10200000000003,1.2069353852659834,-0.040000000000000924,-0.23125000000001705,0.8368749999999991,0,438.146875,247.43125,8.33,62.366875,247.2,8.29,61.53
P016,M018,72,6.06,436.32,468.3066666666667,434.787,1.077094454679341,-0.15764705882352992,-2.4776470588235497,-2.4723529411764744,0,432.8382352941176,247.41764705882355,8.32764705882353,62.31764705882353,244.94,8.17,64.79
P016,M019,67,6.42,430.14,444.31333333333333,436.812,1.0171729103901297,-0.18888888888888822,2.319999999999993,0.9350000000000023,0,433.03166666666664,247.28,8.318888888888889,62.455000000000005,249.6,8.13,61.52
P016,M020,75,5.7,427.5,404.78666666666663,440.492,0.9189421525627404,-0.03894736842105395,-2.8021052631579266,0.5057894736842172,0,432.8794736842105,247.40210526315792,8.308947368421054,62.405789473684216,244.6,8.27,61.9
P016,M021,63,6.42,404.46,431.32,447.80100000000004,0.9631957052351379,0.17300000000000182,-2.2620000000000005,2.7705000000000055,0,432.61049999999994,247.262,8.306999999999999,62.380500000000005,245.0,8.48,59.61
P016,M022,76,6.33,481.08,420.7,445.166,0.9450407263807209,-0.045238095238095966,1.7257142857143037,-0.6214285714285666,0,431.27,247.1542857142857,8.315238095238096,62.24857142857143,248.88,8.27,62.87
P016,M023,64,5.22,334.08,437.68,450.578,0.9713745455836726,-0.0031818181818170643,-1.972727272727269,-3.2731818181818184,0,433.53409090909093,247.23272727272726,8.313181818181818,62.27681818181818,245.26,8.31,65.55
P016,M024,61,5.56,339.16,406.53999999999996,443.68999999999994,0.9162703689512949,-0.0930434782608689,1.823043478260871,-1.7908695652173776,0,429.21,247.14695652173913,8.31304347826087,62.419130434782616,248.97,8.22,64.21
P016,M025,67,5.34,357.78,384.7733333333333,425.76599999999996,0.9037201968530445,-0.18916666666666693,-0.09291666666669585,0.9937499999999986,0,425.4579166666667,247.2229166666667,8.309166666666666,62.49375,247.13,8.12,61.5
P016,M026,69,6.21,428.49,343.67333333333335,410.71399999999994,0.8367704371736376,0.10839999999999961,-6.519199999999984,0.8839999999999932,0,422.7508,247.21919999999997,8.3016,62.45399999999999,240.7,8.41,61.57
P016,M027,52,5.86,304.72,375.1433333333334,398.691,0.9409375514705208,-0.2557692307692303,-7.058461538461557,-0.6099999999999994,0,422.97153846153844,246.96846153846155,8.305769230769231,62.42,239.91,8.05,63.03
P016,M028,77,7.12,548.24,363.66333333333336,394.373,0.9221304027743618,-0.16629629629629505,5.502962962962954,-0.7474074074074011,0,418.59185185185186,246.70703703703705,8.296296296296296,62.4425925925926,252.21,8.13,63.19
P016,M029,59,6.1,359.9,427.15000000000003,405.565,1.053222048253671,-0.060357142857142776,-6.223571428571432,2.6092857142857184,0,423.22214285714284,246.90357142857144,8.290357142857143,62.46928571428572,240.68,8.23,59.86
P016,M030,62,6.08,376.96,404.2866666666667,398.541,1.0144167517687432,-0.03827586206896605,-4.7789655172413745,-2.850689655172417,0,421.03862068965515,246.68896551724137,8.288275862068966,62.37931034482759,241.91,8.25,65.23
P017,M001,57,5.83,332.31,332.31,332.31,1.0,0.0,0.0,0.0,0,332.31,181.06,7.13,87.65,181.06,7.13,87.65
P017,M002,70,5.85,409.5,332.31,332.31,1.0,-0.04999999999999982,-1.8300000000000125,-1.1599999999999966,0,332.31,181.06,7.13,87.65,179.23,7.08,88.81
P017,M003,54,5.24,282.96,370.905,370.905,1.0,-0.19500000000000028,0.7650000000000148,2.200000000000003,0,370.905,180.14499999999998,7.105,88.23,180.91,6.91,86.03
P017,M004,75,5.39,404.25,341.59,341.59,1.0,0.040000000000000036,7.72999999999999,0.786666666666676,0,341.59,180.4,7.04,87.49666666666667,188.13,7.08,86.71
P017,M005,69,6.2,427.8,365.57,357.255,1.0232746917467914,-0.019999999999999574,-0.6324999999999932,1.259999999999991,0,357.255,182.33249999999998,7.05,87.3,181.7,7.03,86.04
P017,M006,65,5.25,341.25,371.67,371.364,1.0008239894012345,0.03399999999999892,-2.3759999999999764,-0.6919999999999931,0,371.364,182.206,7.046000000000001,87.048,179.83,7.08,87.74
P017,M007,61,5.84,356.24,391.09999999999997,366.345,1.067572916240156,-0.04166666666666696,2.0100000000000193,-0.5266666666666566,0,366.345,181.80999999999997,7.051666666666667,87.16333333333334,183.82,7.01,87.69
P017,M008,75,5.23,392.25,375.09666666666664,364.90142857142854,1.0279397045255536,0.05428571428571427,-3.9371428571428737,-1.8014285714285876,0,364.90142857142854,182.09714285714287,7.045714285714285,87.23857142857142,178.16,7.1,89.04
P017,M009,72,6.32,455.04,363.24666666666667,368.32,0.9862257457283522,0.29749999999999943,-5.764999999999986,1.1537500000000023,0,368.32,181.605,7.0525,87.46375,175.84,7.35,86.31
P017,M010,72,4.75,342.0,401.17666666666673,377.9555555555555,1.0614387347130765,-0.035555555555554896,-5.964444444444439,-1.8444444444444485,0,377.9555555555555,180.96444444444444,7.085555555555555,87.33555555555556,175.0,7.05,89.18
P017,M011,74,5.82,430.68,396.43,374.36,1.0589539480713752,-0.011999999999998678,-5.317999999999984,1.3500000000000085,0,374.36,180.368,7.081999999999999,87.52000000000001,175.05,7.07,86.17
P017,M012,73,5.8,423.4,409.24,384.197,1.065182705747312,0.09909090909090867,3.9154545454545655,2.0072727272727207,0,379.47999999999996,179.88454545454545,7.080909090909091,87.39727272727272,183.8,7.18,85.39
P017,M013,78,6.35,495.3,398.6933333333333,385.587,1.033990599613922,0.12083333333333357,13.999166666666667,0.5499999999999972,0,383.14000000000004,180.21083333333334,7.089166666666666,87.23,194.21,7.21,86.68
P017,M014,61,4.4,268.4,449.79333333333335,406.821,1.1056295848378852,-0.048461538461539,-2.4576923076922697,0.25769230769230944,0,391.7676923076923,181.28769230769228,7.098461538461539,87.18769230769232,178.83,7.05,86.93
P017,M015,65,5.86,380.9,395.7,393.236,1.0062659573385957,-0.1849999999999996,3.6778571428571354,1.5592857142857213,0,382.9557142857143,181.11214285714286,7.095,87.16928571428572,184.79,6.91,85.61
P017,M016,73,5.61,409.53,381.5333333333333,388.546,0.9819515149643371,0.2673333333333332,-0.07733333333334258,-0.024666666666675496,0,382.8186666666667,181.35733333333334,7.082666666666666,87.06533333333333,181.28,7.35,87.09
P017,M017,70,5.2,364.0,352.9433333333333,395.37399999999997,0.8926822030111574,0.07062499999999972,-2.332499999999982,-1.9231249999999989,0,384.48812499999997,181.3525,7.099375,87.066875,179.02,7.17,88.99
P017,M018,74,5.59,413.66,384.80999999999995,396.15,0.9713744793638772,-0.1435294117647059,2.264705882352928,-0.060000000000002274,0,383.28294117647056,181.21529411764706,7.103529411764706,87.17999999999999,183.48,6.96,87.24
P017,M019,67,5.71,382.57,395.73,398.291,0.9935700279443924,-0.0955555555555554,3.978888888888889,0.08333333333334281,0,384.97055555555556,181.3411111111111,7.095555555555555,87.18333333333334,185.32,7.0,87.1
P017,M020,54,7.11,383.94,386.74333333333334,391.044,0.9890020901313749,-0.04052631578947352,3.419473684210516,2.098947368421065,0,384.8442105263158,181.55052631578948,7.090526315789473,87.17894736842106,184.97,7.05,85.08
P017,M021,72,5.75,414.0,393.39000000000004,395.238,0.9953243362227318,0.26149999999999896,-1.7214999999999918,-0.9860000000000042,0,384.799,181.7215,7.088500000000001,87.074,180.0,7.35,88.06
P017,M022,63,5.82,366.66,393.50333333333333,393.57,0.9998306103954401,0.039047619047618554,2.670476190476194,0.8609523809523694,0,386.1895238095238,181.6395238095238,7.100952380952381,87.12095238095237,184.31,7.14,86.26
P017,M023,60,6.59,395.4,388.2,387.896,1.0007837152226369,-0.1327272727272728,-1.3609090909090753,-3.9681818181818187,0,385.30181818181813,181.76090909090908,7.102727272727273,87.08181818181818,180.4,6.97,91.05
P017,M024,74,6.17,456.58,392.02,377.906,1.037347911914603,-0.1069565217391295,-0.0017391304347995629,2.644347826086957,0,385.74086956521745,181.7017391304348,7.09695652173913,87.25434782608696,181.7,6.99,84.61
P017,M025,62,5.69,352.78,406.2133333333333,396.724,1.0239192318421202,-0.10250000000000004,-3.431666666666672,3.024166666666659,0,388.69250000000005,181.70166666666668,7.0925,87.14416666666666,178.27,6.99,84.12
P017,M026,71,5.52,391.92,401.58666666666664,393.91200000000003,1.0194832009856685,-0.09839999999999982,-1.2943999999999676,-1.656800000000004,0,387.256,181.56439999999998,7.0884,87.0232,180.27,6.99,88.68
P017,M027,68,5.44,369.92,400.4266666666667,392.151,1.021103265493819,0.07538461538461583,2.125384615384604,2.986923076923091,0,387.4353846153846,181.51461538461538,7.084615384615384,87.08692307692309,183.64,7.16,84.1
P017,M028,55,5.11,281.05,371.54,392.743,0.9460130416073617,-0.027407407407407547,5.386666666666628,2.446296296296296,0,386.78666666666663,181.59333333333336,7.087407407407407,86.9762962962963,186.98,7.06,84.53
P017,M029,51,7.24,369.24,347.63000000000005,379.482,0.9160645300699375,0.17357142857142893,2.864285714285728,0.7289285714285683,0,383.0103571428572,181.78571428571428,7.086428571428571,86.88892857142856,184.65,7.26,86.16
P017,M030,71,6.09,432.39,340.07,378.149,0.8993015980473306,0.28758620689655157,-4.004482758620668,3.6237931034482926,0,382.53551724137935,181.88448275862066,7.092413793103448,86.86379310344829,177.88,7.38,83.24
P018,M001,61,6.2,378.2,378.2,378.2,1.0,0.0,0.0,0.0,0,378.2,231.7,6.37,63.24,231.7,6.37,63.24
P018,M002,72,6.53,470.16,378.2,378.2,1.0,0.22999999999999954,12.320000000000022,-3.6000000000000014,0,378.2,231.7,6.37,63.24,244.02,6.6,66.84
P018,M003,53,6.53,346.09,424.18,424.18,1.0,0.06500000000000039,-5.730000000000018,-0.23999999999999488,0,424.18,237.86,6.484999999999999,65.04,232.13,6.55,65.28
P018,M004,74,5.21,385.54,398.15000000000003,398.15000000000003,1.0,0.2233333333333336,-8.180000000000007,3.5700000000000074,0,398.15000000000003,235.95000000000002,6.506666666666667,65.12,227.77,6.73,61.55
P018,M005,71,5.22,370.62,400.59666666666664,394.9975,1.0141751952016573,0.1974999999999998,2.9350000000000023,-0.18249999999999034,0,394.9975,233.905,6.5625,64.2275,236.84,6.76,64.41
P018,M006,59,6.16,363.44,367.4166666666667,390.122,0.9417994029218211,0.09800000000000075,-2.312000000000012,1.1039999999999992,0,390.122,234.49200000000002,6.601999999999999,64.264,232.18,6.7,63.16
P018,M007,69,5.49,378.81,373.20000000000005,385.675,0.9676541129189085,-0.18833333333333346,0.493333333333311,1.9099999999999966,0,385.675,234.10666666666668,6.618333333333333,64.08,234.6,6.43,62.17
P018,M008,52,5.59,290.68,370.95666666666665,384.69428571428574,0.9642895162268615,0.05857142857142872,-6.05714285714285,-0.03285714285714647,0,384.69428571428574,234.17714285714285,6.591428571428572,63.80714285714286,228.12,6.65,63.84
P018,M009,81,6.29,509.49,344.31,372.9425,0.9232254301936625,0.0912500000000005,-4.610000000000014,0.28125,0,372.9425,233.42000000000002,6.59875,63.81125,228.81,6.69,63.53
P018,M010,73,5.73,418.29,392.99333333333334,388.1144444444445,1.0125707480325103,-0.2588888888888894,3.612222222222215,1.2899999999999991,0,388.1144444444445,232.9077777777778,6.608888888888889,63.78,236.52,6.35,62.49
P018,M011,73,6.1,445.3,406.15333333333336,391.132,1.0384047670181253,-0.023000000000000576,-0.5090000000000146,-1.2490000000000094,0,391.132,233.269,6.583,63.650999999999996,232.76,6.56,64.9
P018,M012,68,6.57,446.76,457.6933333333333,397.842,1.1504399569008132,0.08909090909090889,1.347272727272724,-2.18545454545454,0,396.05636363636364,233.22272727272727,6.580909090909091,63.76454545454546,234.57,6.67,65.95
P018,M013,66,6.14,405.24,436.7833333333333,395.502,1.1043770532976656,0.061666666666666536,0.8049999999999784,1.1866666666666674,0,400.2816666666667,233.335,6.588333333333334,63.946666666666665,234.14,6.65,62.76
P018,M014,66,4.88,322.08,432.43333333333334,401.41700000000003,1.0772671145799337,-0.11307692307692196,-1.616923076923058,-1.3646153846153837,0,400.6630769230769,233.39692307692306,6.593076923076922,63.855384615384615,231.78,6.48,65.22
P018,M015,70,5.25,367.5,391.35999999999996,395.071,0.9906067516977959,-0.025000000000000355,0.8185714285714312,-2.2671428571428507,0,395.05,233.28142857142856,6.585,63.95285714285715,234.1,6.56,66.22
P018,M016,65,6.04,392.6,364.94000000000005,394.759,0.9244627734896482,-0.543333333333333,9.694000000000017,6.323999999999998,0,393.2133333333333,233.33599999999998,6.583333333333333,64.104,243.03,6.04,57.78
P018,M017,56,7.13,399.28,360.7266666666667,397.675,0.9070891221893925,-0.9093750000000007,18.75812499999998,14.318750000000001,1,393.175,233.941875,6.549375,63.70875,252.7,5.64,49.39
P018,M018,79,7.39,583.81,386.46000000000004,399.722,0.9668219412491683,-1.4958823529411767,28.11470588235298,22.116470588235295,3,393.5341176470588,235.04529411764705,6.495882352941177,62.866470588235295,263.16,5.0,40.75
P018,M019,93,7.34,682.62,458.56333333333333,429.035,1.0688249987374767,-1.4127777777777784,33.37277777777777,25.497777777777777,3,404.105,236.60722222222225,6.412777777777778,61.63777777777778,269.98,5.0,36.14
P018,M020,67,6.07,406.69,555.2366666666667,446.34799999999996,1.24395464226717,0.07157894736842074,-6.823684210526324,-4.1342105263157904,0,418.7636842105263,238.36368421052632,6.338421052631579,60.295789473684216,231.54,6.41,64.43
P018,M021,78,6.21,484.38,557.7066666666666,445.188,1.2527441590219561,0.42799999999999905,-4.572499999999991,-2.0075000000000003,0,418.16,238.02249999999998,6.3420000000000005,60.5025,233.45,6.77,62.51
P018,M022,50,6.75,337.5,524.5633333333334,449.096,1.168042764427502,0.12761904761904752,-0.5247619047618741,-6.111904761904761,0,421.31333333333333,237.80476190476188,6.362380952380953,60.59809523809523,237.28,6.49,66.71
P018,M023,56,5.83,326.48,409.5233333333333,438.16999999999996,0.9346220264585283,0.12181818181818205,-2.3509090909090844,-1.62409090909091,0,417.50363636363636,237.7809090909091,6.368181818181818,60.87590909090909,235.43,6.49,62.5
P018,M024,79,5.58,440.82,382.78666666666663,430.29400000000004,0.8895933168174937,0.0165217391304342,-7.368695652173898,-5.593478260869574,0,413.5460869565217,237.6786956521739,6.3734782608695655,60.94652173913043,230.31,6.39,66.54
P018,M025,64,5.94,380.16,368.2666666666667,442.168,0.8328659393413063,0.26583333333333314,-4.681666666666672,-4.020416666666669,0,414.68249999999995,237.37166666666667,6.3741666666666665,61.17958333333333,232.69,6.64,65.2
P018,M026,54,5.54,299.16,382.4866666666667,443.434,0.8625560211140026,0.0851999999999995,-4.35439999999997,-3.1895999999999987,0,413.3016,237.18439999999998,6.3848,61.3404,232.83,6.47,64.53
P018,M027,66,6.13,404.58,373.38000000000005,434.09,0.8601442097260938,0.27192307692307693,-6.766923076923064,-1.736923076923084,0,408.9115384615385,237.01692307692306,6.388076923076923,61.46307692307692,230.25,6.66,63.2
P018,M028,65,5.51,358.15,361.3,434.62,0.8313009065390456,0.2218518518518522,-4.306296296296267,-4.182592592592584,0,408.75111111111113,236.76629629629628,6.398148148148148,61.52740740740741,232.46,6.62,65.71
P018,M029,63,5.92,372.96,353.9633333333333,412.054,0.8590217139824715,0.15392857142857075,2.317500000000024,-0.543214285714285,0,406.94392857142856,236.61249999999998,6.406071428571429,61.676785714285714,238.93,6.56,62.22
P018,M030,61,6.16,375.76,378.56333333333333,381.088,0.9933751084613877,-0.19137931034482847,-2.232413793103433,-5.294482758620681,0,405.77206896551724,236.69241379310344,6.411379310344828,61.695517241379314,234.46,6.22,66.99
P019,M001,60,5.6,336.0,336.0,336.0,1.0,0.0,0.0,0.0,0,336.0,248.06,7.51,83.7,248.06,7.51,83.7
P019,M002,69,7.05,486.45,336.0,336.0,1.0,-0.29000000000000004,-2.460000000000008,1.8700000000000045,0,336.0,248.06,7.51,83.7,245.6,7.22,81.83
P019,M003,66,7.35,485.1,411.225,411.225,1.0,0.024999999999999467,0.8700000000000045,1.355000000000004,0,411.225,246.82999999999998,7.365,82.765,247.7,7.39,81.41
P019,M004,79,6.99,552.21,435.84999999999997,435.84999999999997,1.0,0.48666666666666814,2.9799999999999898,-0.19666666666667254,0,435.84999999999997,247.12,7.373333333333332,82.31333333333333,250.1,7.86,82.51
P019,M005,64,5.78,369.92,507.92,464.94,1.0924420355314666,-0.2450000000000001,2.1149999999999807,1.832499999999996,0,464.94,247.865,7.495,82.3625,249.98,7.25,80.53
P019,M006,78,7.26,566.28,469.07666666666665,445.936,1.0518923492758303,0.04400000000000048,-0.27800000000002,-0.833999999999989,0,445.936,248.288,7.446,81.99600000000001,248.01,7.49,82.83
P019,M007,59,6.46,381.14,496.1366666666667,465.99333333333334,1.0646861900742501,0.08666666666666689,-0.7516666666666652,-1.0249999999999915,0,465.99333333333334,248.24166666666667,7.453333333333333,82.135,247.49,7.54,83.16
P019,M008,81,6.24,505.44,439.1133333333334,453.87142857142857,0.9674839738545635,0.20428571428571463,-6.034285714285716,0.6214285714285808,0,453.87142857142857,248.1342857142857,7.465714285714285,82.28142857142858,242.1,7.67,81.66
P019,M009,62,6.32,391.84,484.28666666666663,460.3175,1.0520709437869875,-0.07125000000000004,-7.829999999999984,-1.4462500000000063,0,460.3175,247.38,7.49125,82.20375,239.55,7.42,83.65
P019,M010,66,5.74,378.84,426.14000000000004,452.7088888888889,0.9413113160775383,0.05666666666666753,-0.11000000000001364,0.2944444444444514,0,452.7088888888889,246.51000000000002,7.4833333333333325,82.36444444444444,246.4,7.54,82.07
P019,M011,61,4.93,300.73,425.3733333333333,445.322,0.9552039498011176,-0.2190000000000003,-7.698999999999955,-1.0549999999999926,0,445.322,246.49899999999997,7.489,82.33500000000001,238.8,7.27,83.39
P019,M012,64,5.25,336.0,357.1366666666666,441.79499999999996,0.8083764340172854,-0.209090909090909,-6.589090909090885,-0.9190909090908974,0,432.17727272727274,245.7990909090909,7.469090909090909,82.4309090909091,239.21,7.26,83.35
P019,M013,77,6.68,514.36,338.5233333333333,426.75,0.7932591290763522,0.05833333333333268,0.5200000000000102,0.45750000000001023,0,424.16249999999997,245.25,7.451666666666667,82.50750000000001,245.77,7.51,82.05
P019,M014,71,5.4,383.4,383.6966666666667,429.67600000000004,0.8929906875568258,0.17384615384615465,4.230000000000018,1.7023076923076843,0,431.1007692307692,245.29,7.456153846153845,82.47230769230768,249.52,7.63,80.77
P019,M015,66,5.4,356.4,411.2533333333334,412.79499999999996,0.9962652971410347,-0.23857142857142843,-0.06214285714284529,3.200714285714284,0,427.69357142857143,245.59214285714285,7.468571428571429,82.35071428571429,245.53,7.23,79.15
P019,M016,78,6.55,510.9,418.05333333333334,411.44300000000004,1.0160662189740335,-0.04266666666666641,-0.6680000000000348,-0.5626666666666722,0,422.94066666666663,245.58800000000002,7.4526666666666666,82.13733333333333,244.92,7.41,82.7
P019,M017,87,6.05,526.35,416.8999999999999,405.905,1.0270876190241558,-0.0600000000000005,5.61375000000001,1.0524999999999949,0,428.438125,245.54625,7.45,82.1725,251.16,7.39,81.12
P019,M018,55,5.85,321.75,464.55,420.42600000000004,1.1049506928686617,0.04352941176470626,-1.0964705882352632,3.5705882352941245,0,434.1976470588235,245.87647058823526,7.446470588235294,82.11058823529413,244.78,7.49,78.54
P019,M019,56,5.62,314.72,453.0,402.05699999999996,1.1267059148329717,0.22111111111111015,-0.6055555555555543,-3.647777777777776,0,427.9505555555555,245.81555555555556,7.44888888888889,81.91222222222223,245.21,7.67,85.56
P019,M020,68,5.84,397.12,387.60666666666674,394.34499999999997,0.9829125934566605,-0.030526315789473735,-0.7436842105263395,3.1042105263157964,0,421.99105263157895,245.78368421052633,7.4605263157894735,82.1042105263158,245.04,7.43,79.0
P019,M021,67,5.54,371.18,344.53000000000003,396.173,0.8696453317111464,0.2209999999999992,-2.6365000000000123,1.149000000000001,0,420.74750000000006,245.74650000000003,7.4590000000000005,81.949,243.11,7.68,80.8
P019,M022,68,6.49,441.32,361.00666666666666,403.218,0.8953138666097908,-0.11952380952380892,-0.6209523809523887,-1.8257142857142838,0,418.3871428571428,245.6209523809524,7.469523809523809,81.89428571428572,245.0,7.35,83.72
P019,M023,51,6.37,324.87,403.20666666666665,413.75,0.9745176233635447,0.005909090909089976,-1.9127272727272668,1.4772727272727337,0,419.42954545454546,245.59272727272727,7.46409090909091,81.97727272727273,243.68,7.47,80.5
P019,M024,66,6.34,418.44,379.1233333333333,394.80100000000004,0.9602896986920835,-0.11434782608695748,5.580434782608677,2.1430434782608785,0,415.3182608695652,245.50956521739133,7.464347826086957,81.91304347826087,251.09,7.35,79.77
P019,M025,62,6.08,376.96,394.8766666666666,398.30499999999995,0.991392693204119,-0.14958333333333407,-5.47208333333333,-1.8162499999999966,0,415.4483333333333,245.74208333333334,7.459583333333334,81.82375,240.27,7.31,83.64
P019,M026,66,6.37,420.42,373.42333333333335,400.361,0.9327165566409649,0.15640000000000054,-1.0331999999999937,-0.04359999999999786,0,413.9088,245.5232,7.4536,81.8964,244.49,7.61,81.94
P019,M027,61,5.77,351.97,405.2733333333333,391.313,1.035675618579841,0.14038461538461533,-3.2634615384615415,-0.32192307692308475,0,414.15923076923076,245.48346153846154,7.459615384615384,81.89807692307691,242.22,7.6,82.22
P019,M028,59,6.38,376.42,383.1166666666666,373.875,1.0247186002451798,0.005185185185184515,-0.7825925925925787,0.6800000000000068,0,411.85592592592593,245.3625925925926,7.464814814814815,81.91000000000001,244.58,7.47,81.23
P019,M029,75,6.08,456.0,382.93666666666667,379.342,1.0094760576647634,-0.15500000000000114,-7.404642857142846,-1.624285714285719,0,410.59035714285716,245.33464285714285,7.465000000000001,81.88571428571429,237.93,7.31,83.51
P019,M030,55,5.77,317.35,394.7966666666666,393.46999999999997,1.0033717098296355,0.13034482758620758,1.2606896551723992,-0.8282758620689634,0,412.15620689655174,245.0793103448276,7.459655172413792,81.94172413793103,246.34,7.59,82.77
P020,M001,59,7.0,413.0,413.0,413.0,1.0,0.0,0.0,0.0,0,413.0,242.22,8.87,72.56,242.22,8.87,72.56
P020,M002,75,6.57,492.75,413.0,413.0,1.0,0.25,3.1699999999999875,0.8299999999999983,0,413.0,242.22,8.87,72.56,245.39,9.12,71.73
P020,M003,59,6.34,374.06,452.875,452.875,1.0,-0.1949999999999985,-1.4150000000000205,4.4550000000000125,0,452.875,243.805,8.995,72.14500000000001,242.39,8.8,67.69
P020,M004,62,5.66,350.92,426.6033333333333,426.6033333333333,1.0,0.030000000000001137,-1.7833333333333314,2.250000000000014,0,426.6033333333333,243.33333333333334,8.93,70.66000000000001,241.55,8.96,68.41
P020,M005,74,6.61,489.14,405.91,407.6825,0.9956522538985608,-0.07750000000000057,0.222500000000025,-0.9925000000000068,0,407.6825,242.8875,8.9375,70.0975,243.11,8.86,71.09
P020,M006,59,5.34,315.06,404.70666666666665,423.974,0.9545553894028093,-0.12199999999999989,-5.832000000000022,0.7760000000000105,0,423.974,242.93200000000002,8.922,70.296,237.1,8.8,69.52
P020,M007,75,5.71,428.25,385.04,405.82166666666666,0.9487911356794652,-0.31166666666666565,6.269999999999982,0.12666666666666515,0,405.82166666666666,241.96,8.901666666666666,70.16666666666667,248.23,8.59,70.04
P020,M008,84,5.51,462.84,410.81666666666666,409.0257142857143,1.0043785813908543,-0.387142857142857,-1.575714285714298,1.0485714285714351,0,409.0257142857143,242.8557142857143,8.857142857142858,70.14857142857143,241.28,8.47,69.1
P020,M009,58,6.47,375.26,402.05,415.7525,0.96704168946669,-0.21875,0.7112500000000068,-1.2425000000000068,0,415.7525,242.65875,8.80875,70.0175,243.37,8.59,71.26
P020,M010,78,5.78,450.84,422.1166666666666,411.25333333333333,1.0264151860977824,0.12555555555555564,-1.0877777777777453,0.545555555555552,0,411.25333333333333,242.73777777777775,8.784444444444444,70.15555555555555,241.65,8.91,69.61
P020,M011,66,5.71,376.86,429.6466666666667,415.212,1.034764570067018,0.032999999999999474,-4.649000000000001,0.7109999999999985,0,415.212,242.629,8.797,70.101,237.98,8.83,69.39
P020,M012,71,6.71,476.41,400.9866666666667,411.59799999999996,0.9742191814991004,-0.14999999999999858,3.923636363636348,0.03636363636363171,0,411.7254545454545,242.20636363636365,8.799999999999999,70.03636363636363,246.13,8.65,70.0
P020,M013,61,6.08,370.88,434.7033333333334,409.96400000000006,1.0603451359956808,0.042500000000000426,-4.933333333333337,2.0933333333333337,0,417.11583333333334,242.53333333333333,8.7875,70.03333333333333,237.6,8.83,67.94
P020,M014,71,5.66,401.86,408.05,409.646,0.9961039531693218,0.1792307692307702,-1.7538461538461547,-0.7476923076923043,0,413.5592307692308,242.15384615384616,8.79076923076923,69.8723076923077,240.4,8.97,70.62
P020,M015,65,5.63,365.95,416.3833333333334,414.73999999999995,1.003962321775892,0.47642857142857054,0.09142857142856542,-1.3742857142857048,0,412.72357142857146,242.02857142857144,8.803571428571429,69.92571428571429,242.12,9.28,71.3
P020,M016,64,6.0,384.0,379.56333333333333,402.421,0.9431996176475217,-0.08533333333333282,0.7053333333333569,-3.27266666666668,0,409.6053333333333,242.03466666666665,8.835333333333333,70.01733333333333,242.74,8.75,73.29
P020,M017,67,5.18,347.06,383.93666666666667,409.315,0.9379980373713807,0.009999999999999787,0.2712499999999807,-3.4081249999999983,0,408.005,242.07875,8.83,70.221875,242.35,8.84,73.63
P020,M018,70,6.42,449.4,365.67,401.196,0.9114497652020459,0.039411764705882035,-3.5247058823529187,-0.18764705882352928,0,404.42,242.0947058823529,8.830588235294117,70.42235294117647,238.57,8.87,70.61
P020,M019,66,6.17,407.22,393.4866666666667,399.852,0.9840807765539917,0.037222222222220935,-2.5288888888889005,0.6527777777777715,0,406.9188888888889,241.8988888888889,8.832777777777778,70.43277777777777,239.37,8.87,69.78
P020,M020,83,6.83,566.89,401.22666666666663,403.04800000000006,0.9954811006794887,-0.4747368421052638,11.214210526315782,8.718421052631577,0,406.9347368421053,241.7657894736842,8.834736842105263,70.39842105263158,252.98,8.36,61.68
P020,M021,65,6.32,410.8,474.50333333333333,414.65299999999996,1.1443383584185653,-1.2009999999999996,11.97350000000003,15.862500000000004,2,414.9325,242.32649999999998,8.811,69.9625,254.3,7.61,54.1
P020,M022,66,6.72,443.52,461.6366666666667,418.047,1.1042697750890849,-0.9838095238095246,27.103333333333325,17.507142857142853,2,414.7357142857143,242.89666666666668,8.753809523809524,69.20714285714286,270.0,7.77,51.7
P020,M023,80,7.74,619.2,473.7366666666667,414.758,1.1422001906332528,-1.539090909090909,39.09136363636367,23.53136363636363,3,416.04409090909087,244.12863636363636,8.709090909090909,68.41136363636363,283.22,7.17,44.88
P020,M024,74,6.28,464.72,491.17333333333335,439.59,1.1173441919364258,0.1678260869565218,-6.628260869565224,-3.5017391304347854,0,424.87695652173915,245.8282608695652,8.642173913043479,67.38826086956522,239.2,8.81,70.89
P020,M025,62,6.41,397.42,509.1466666666667,445.87600000000003,1.1419019338710015,0.13083333333333336,1.0679166666666617,-2.955833333333331,0,426.5370833333333,245.55208333333334,8.649166666666666,67.53416666666666,246.62,8.78,70.49
P020,M026,62,6.0,372.0,493.78000000000003,449.023,1.0996764085581363,0.32560000000000144,1.3452000000000055,-1.647599999999997,0,425.37239999999997,245.5948,8.654399999999999,67.6524,246.94,8.98,69.3
P020,M027,57,6.79,387.03,411.38000000000005,447.82300000000004,0.9186218662283984,0.273076923076923,-2.05653846153848,1.195769230769244,0,423.31961538461536,245.64653846153848,8.666923076923077,67.71576923076924,243.59,8.94,66.52
P020,M028,67,6.27,420.09,385.48333333333335,451.82,0.8531789945848642,0.29296296296296376,0.3596296296296373,-3.3385185185185264,0,421.97555555555556,245.57037037037037,8.677037037037037,67.67148148148148,245.93,8.97,71.01
P020,M029,69,5.48,378.12,393.03999999999996,448.889,0.875583941687143,-0.037499999999999645,0.8367857142856963,-6.499285714285719,0,421.9082142857143,245.5832142857143,8.6875,67.79071428571429,246.42,8.65,74.29
P020,M030,75,6.29,471.75,395.08,445.979,0.8858713078418491,-0.026206896551723702,-2.202068965517242,-4.595172413793094,0,420.39827586206894,245.61206896551724,8.686206896551724,68.0148275862069,243.41,8.66,72.61
